filename,power_factor
WaterHeater_StiebelEltronSN10S_r1_MK1_20160126153648.csv,0.07
Laptop_Schenker-W503_r1_MK1_20160126161033.csv,0.636
Laptop_Schenker-W503_r1_MK1_20160126161054.csv,0.637
Laptop_Schenker-W503_r1_MK1_20160126161121.csv,0.634
Laptop_Schenker-W503_r1_MK1_20160126161142.csv,0.634
Laptop_Schenker-W503_r1_MK1_20160126161205.csv,0.633
Laptop_Schenker-W503_r1_MK1_20160126161228.csv,0.633
Laptop_Schenker-W503_r1_MK1_20160126161251.csv,0.633
Laptop_Schenker-W503_r1_MK1_20160126161312.csv,0.635
Laptop_Schenker-W503_r1_MK1_20160126161334.csv,0.634
Laptop_Schenker-W503_r1_MK1_20160126161357.csv,0.636
SandwichMaker_ClatronicST3011_r2_MK1_20160503220543.csv,0.067
SandwichMaker_ClatronicST3011_r2_MK1_20160503220552.csv,0.084
SandwichMaker_ClatronicST3011_r2_MK1_20160503220614.csv,0.084
SandwichMaker_ClatronicST3011_r2_MK1_20160503220647.csv,0.08
SandwichMaker_ClatronicST3011_r2_MK1_20160503220746.csv,0.073
SandwichMaker_ClatronicST3011_r2_MK1_20160503220753.csv,0.085
SandwichMaker_ClatronicST3011_r2_MK1_20160503220800.csv,0.072
SandwichMaker_ClatronicST3011_r2_MK1_20160503220809.csv,0.073
SandwichMaker_ClatronicST3011_r2_MK1_20160503220818.csv,0.084
SandwichMaker_ClatronicST3011_r2_MK1_20160503220826.csv,0.066
RiceCooker_PanasonicSRG06_r2_MK1_20160503221300.csv,0.071
RiceCooker_PanasonicSRG06_r2_MK1_20160503221311.csv,0.071
RiceCooker_PanasonicSRG06_r2_MK1_20160503221319.csv,0.08
RiceCooker_PanasonicSRG06_r2_MK1_20160503221326.csv,0.082
RiceCooker_PanasonicSRG06_r2_MK1_20160503221332.csv,0.071
RiceCooker_PanasonicSRG06_r2_MK1_20160503221339.csv,0.074
RiceCooker_PanasonicSRG06_r2_MK1_20160503221348.csv,0.08
RiceCooker_PanasonicSRG06_r2_MK1_20160503221356.csv,0.07
RiceCooker_PanasonicSRG06_r2_MK1_20160503221402.csv,0.069
RiceCooker_PanasonicSRG06_r2_MK1_20160503221414.csv,0.079
RiceCooker_arendo301224_r2_MK1_20160503221730.csv,0.08
RiceCooker_arendo301224_r2_MK1_20160503221738.csv,0.07
RiceCooker_arendo301224_r2_MK1_20160503221745.csv,0.072
RiceCooker_arendo301224_r2_MK1_20160503221753.csv,0.084
RiceCooker_arendo301224_r2_MK1_20160503221801.csv,0.07
RiceCooker_arendo301224_r2_MK1_20160503221808.csv,0.071
RiceCooker_arendo301224_r2_MK1_20160503221817.csv,0.084
RiceCooker_arendo301224_r2_MK1_20160503221827.csv,0.079
RiceCooker_arendo301224_r2_MK1_20160503221836.csv,0.05
RiceCooker_arendo301224_r2_MK1_20160503221906.csv,0.084
CoffeeMachine_SIEMENS_r7_MK1_20160505235142.csv,0.08
CoffeeMachine_SIEMENS_r7_MK1_20160505235150.csv,0.082
CoffeeMachine_SIEMENS_r7_MK1_20160505235225.csv,0.077
CoffeeMachine_SIEMENS_r7_MK1_20160505235233.csv,0.083
CoffeeMachine_SIEMENS_r7_MK1_20160505235243.csv,0.078
CoffeeMachine_SIEMENS_r7_MK1_20160505235252.csv,0.075
CoffeeMachine_SIEMENS_r7_MK1_20160505235301.csv,0.08
CoffeeMachine_SIEMENS_r7_MK1_20160505235311.csv,0.073
CoffeeMachine_SIEMENS_r7_MK1_20160505235324.csv,0.085
CoffeeMachine_SIEMENS_r7_MK1_20160505235335.csv,0.073
Stove_sOlac_r7_MK1_20160505235957.csv,0.076
Stove_sOlac_r7_MK1_20160506000005.csv,0.074
Stove_sOlac_r7_MK1_20160506000012.csv,0.079
Stove_sOlac_r7_MK1_20160506000018.csv,0.072
Stove_sOlac_r7_MK1_20160506000025.csv,0.072
Stove_sOlac_r7_MK1_20160506000033.csv,0.075
Stove_sOlac_r7_MK1_20160506000040.csv,0.074
Stove_sOlac_r7_MK1_20160506000047.csv,0.079
Stove_sOlac_r7_MK1_20160506000054.csv,0.078
Stove_sOlac_r7_MK1_20160506000102.csv,0.074
Toaster_PhilipsHD2567_r7_MK1_20160506221921.csv,0.069
Toaster_PhilipsHD2567_r7_MK1_20160506221929.csv,0.072
Toaster_PhilipsHD2567_r7_MK1_20160506221937.csv,0.08
Toaster_PhilipsHD2567_r7_MK1_20160506221945.csv,0.083
Toaster_PhilipsHD2567_r7_MK1_20160506221953.csv,0.074
Toaster_PhilipsHD2567_r7_MK1_20160506222001.csv,0.079
Toaster_PhilipsHD2567_r7_MK1_20160506222010.csv,0.078
Toaster_PhilipsHD2567_r7_MK1_20160506222019.csv,0.077
Toaster_PhilipsHD2567_r7_MK1_20160506222027.csv,0.079
Toaster_PhilipsHD2567_r7_MK1_20160506222035.csv,0.08
Kettle_ClatronicWK3462_r7_MK1_20160506222437.csv,0.083
Kettle_ClatronicWK3462_r7_MK1_20160506222444.csv,0.079
Kettle_ClatronicWK3462_r7_MK1_20160506222451.csv,0.079
Kettle_ClatronicWK3462_r7_MK1_20160506222458.csv,0.071
Kettle_ClatronicWK3462_r7_MK1_20160506222505.csv,0.078
Kettle_ClatronicWK3462_r7_MK1_20160506222512.csv,0.081
Kettle_ClatronicWK3462_r7_MK1_20160506222520.csv,0.073
Kettle_ClatronicWK3462_r7_MK1_20160506222527.csv,0.082
Kettle_ClatronicWK3462_r7_MK1_20160506222534.csv,0.065
Kettle_ClatronicWK3462_r7_MK1_20160506222543.csv,0.082
LightBulb_PhilipsClassicTone40W_r7_MK1_20160506222930.csv,0.177
LightBulb_PhilipsClassicTone40W_r7_MK1_20160506222939.csv,0.176
LightBulb_PhilipsClassicTone40W_r7_MK1_20160506222947.csv,0.179
LightBulb_PhilipsClassicTone40W_r7_MK1_20160506222956.csv,0.173
LightBulb_PhilipsClassicTone40W_r7_MK1_20160506223005.csv,0.169
LightBulb_PhilipsClassicTone40W_r7_MK1_20160506223013.csv,0.17
LightBulb_PhilipsClassicTone40W_r7_MK1_20160506223020.csv,0.185
LightBulb_PhilipsClassicTone40W_r7_MK1_20160506223027.csv,0.175
LightBulb_PhilipsClassicTone40W_r7_MK1_20160506223034.csv,0.177
LightBulb_PhilipsClassicTone40W_r7_MK1_20160506223042.csv,0.171
NetworkSwitch_DLink-DGS1008D_r8_MK1_20160515232459.csv,3.772
NetworkSwitch_DLink-DGS1008D_r8_MK1_20160515232507.csv,3.881
NetworkSwitch_DLink-DGS1008D_r8_MK1_20160515232516.csv,3.801
NetworkSwitch_DLink-DGS1008D_r8_MK1_20160515232524.csv,3.739
NetworkSwitch_DLink-DGS1008D_r8_MK1_20160515232532.csv,3.438
NetworkSwitch_DLink-DGS1008D_r8_MK1_20160515232539.csv,3.413
NetworkSwitch_DLink-DGS1008D_r8_MK1_20160515232546.csv,2.319
NetworkSwitch_DLink-DGS1008D_r8_MK1_20160515232554.csv,3.524
NetworkSwitch_DLink-DGS1008D_r8_MK1_20160515232601.csv,3.332
NetworkSwitch_DLink-DGS1008D_r8_MK1_20160515232608.csv,2.237
CableModem_MotorolaSB5102_r8_MK1_20160515233311.csv,2.643
CableModem_MotorolaSB5102_r8_MK1_20160515233319.csv,2.113
CableModem_MotorolaSB5102_r8_MK1_20160515233326.csv,2.561
CableModem_MotorolaSB5102_r8_MK1_20160515233333.csv,2.073
CableModem_MotorolaSB5102_r8_MK1_20160515233340.csv,2.617
CableModem_MotorolaSB5102_r8_MK1_20160515233347.csv,2.226
CableModem_MotorolaSB5102_r8_MK1_20160515233354.csv,2.55
CableModem_MotorolaSB5102_r8_MK1_20160515233401.csv,2.699
CableModem_MotorolaSB5102_r8_MK1_20160515233410.csv,2.047
CableModem_MotorolaSB5102_r8_MK1_20160515233417.csv,2.644
CableReceiver_MotorolaDCT700_r8_MK1_20160515235205.csv,1.914
CableReceiver_MotorolaDCT700_r8_MK1_20160515235214.csv,1.514
CableReceiver_MotorolaDCT700_r8_MK1_20160515235221.csv,1.494
CableReceiver_MotorolaDCT700_r8_MK1_20160515235230.csv,1.51
CableReceiver_MotorolaDCT700_r8_MK1_20160515235239.csv,1.631
CableReceiver_MotorolaDCT700_r8_MK1_20160515235249.csv,1.6
CableReceiver_MotorolaDCT700_r8_MK1_20160515235256.csv,1.523
CableReceiver_MotorolaDCT700_r8_MK1_20160515235303.csv,1.705
CableReceiver_MotorolaDCT700_r8_MK1_20160515235310.csv,1.654
CableReceiver_MotorolaDCT700_r8_MK1_20160515235317.csv,1.482
Laptop_Lenovo-IdeapadS11_r8_MK1_20160515235654.csv,1.732
Laptop_Lenovo-IdeapadS11_r8_MK1_20160515235704.csv,1.563
Laptop_Lenovo-IdeapadS11_r8_MK1_20160515235713.csv,1.813
Laptop_Lenovo-IdeapadS11_r8_MK1_20160515235721.csv,1.565
Laptop_Lenovo-IdeapadS11_r8_MK1_20160515235729.csv,1.729
Laptop_Lenovo-IdeapadS11_r8_MK1_20160515235738.csv,1.662
Laptop_Lenovo-IdeapadS11_r8_MK1_20160515235746.csv,1.648
Laptop_Lenovo-IdeapadS11_r8_MK1_20160515235755.csv,1.54
Laptop_Lenovo-IdeapadS11_r8_MK1_20160515235802.csv,1.8
Laptop_Lenovo-IdeapadS11_r8_MK1_20160515235810.csv,1.521
Fridge_Danby_r8_MK1_20160516085740.csv,0.641
Fridge_Danby_r8_MK1_20160516085807.csv,0.701
Fridge_Danby_r8_MK1_20160516085819.csv,0.657
Fridge_Danby_r8_MK1_20160516085830.csv,0.65
Fridge_Danby_r8_MK1_20160516090328.csv,0.494
Fridge_Danby_r8_MK1_20160516090338.csv,0.658
Fridge_Danby_r8_MK1_20160516090348.csv,0.652
Fridge_Danby_r8_MK1_20160516090358.csv,0.646
Fridge_Danby_r8_MK1_20160516090407.csv,0.643
Fridge_Danby_r8_MK1_20160516090416.csv,0.637
Microwave_Whirlpool_r8_MK1_20160516101135.csv,0.527
Microwave_Whirlpool_r8_MK1_20160516101147.csv,0.491
Microwave_Whirlpool_r8_MK1_20160516101156.csv,0.476
Microwave_Whirlpool_r8_MK1_20160516101205.csv,0.469
Microwave_Whirlpool_r8_MK1_20160516101215.csv,0.481
Microwave_Whirlpool_r8_MK1_20160516101340.csv,0.524
Microwave_Whirlpool_r8_MK1_20160516101349.csv,0.481
Microwave_Whirlpool_r8_MK1_20160516101400.csv,0.49
Microwave_Whirlpool_r8_MK1_20160516101416.csv,0.509
Microwave_Whirlpool_r8_MK1_20160516101430.csv,0.504
TV_Toshiba43L31OU_r8_MK1_20160516102246.csv,1.357
TV_Toshiba43L31OU_r8_MK1_20160516102309.csv,1.328
TV_Toshiba43L31OU_r8_MK1_20160516102337.csv,1.341
TV_Toshiba43L31OU_r8_MK1_20160516102402.csv,1.353
TV_Toshiba43L31OU_r8_MK1_20160516102430.csv,1.36
TV_Toshiba43L31OU_r8_MK1_20160516102452.csv,1.365
TV_Toshiba43L31OU_r8_MK1_20160516102512.csv,1.366
TV_Toshiba43L31OU_r8_MK1_20160516102535.csv,1.37
TV_Toshiba43L31OU_r8_MK1_20160516102559.csv,1.351
TV_Toshiba43L31OU_r8_MK1_20160516102619.csv,1.373
KitchenHood_AmicaUH17051_r2_MK1_20160520141329.csv,1.483
KitchenHood_AmicaUH17051_r2_MK1_20160520141340.csv,1.48
KitchenHood_AmicaUH17051_r2_MK1_20160520141351.csv,1.478
KitchenHood_AmicaUH17051_r2_MK1_20160520141405.csv,1.47
KitchenHood_AmicaUH17051_r2_MK1_20160520141416.csv,1.467
KitchenHood_AmicaUH17051_r2_MK1_20160520141430.csv,1.468
KitchenHood_AmicaUH17051_r2_MK1_20160520141441.csv,1.459
KitchenHood_AmicaUH17051_r2_MK1_20160520141453.csv,1.474
KitchenHood_AmicaUH17051_r2_MK1_20160520141516.csv,1.454
KitchenHood_AmicaUH17051_r2_MK1_20160520141541.csv,1.489
AirPump_SimexHB-135C_r2_MK1_20160124164919.csv,0.226
AirPump_SimexHB-135C_r2_MK1_20160124165057.csv,0.237
AirPump_SimexHB-135C_r2_MK1_20160124165115.csv,0.241
AirPump_SimexHB-135C_r2_MK1_20160124165105.csv,0.227
AirPump_SimexHB-135C_r2_MK1_20160124165133.csv,0.238
AirPump_SimexHB-135C_r2_MK1_20160124165124.csv,0.24
AirPump_SimexHB-135C_r2_MK1_20160124165214.csv,0.243
AirPump_SimexHB-135C_r2_MK1_20160124165144.csv,0.241
AirPump_SimexHB-135C_r2_MK1_20160124165201.csv,0.229
AirPump_SimexHB-135C_r2_MK1_20160124165226.csv,0.243
Charger_TAS1801_r2_MK2_20151105154524.csv,0.458
Charger_TAS1801_r2_MK2_20151105154540.csv,0.465
Charger_TAS1801_r2_MK2_20151105154554.csv,0.47
Charger_TAS1801_r2_MK2_20151105154606.csv,0.471
Charger_TAS1801_r2_MK2_20151105154632.csv,0.472
Charger_TAS1801_r2_MK2_20151105154617.csv,0.472
Charger_TAS1801_r2_MK2_20151105154656.csv,0.466
Charger_TAS1801_r2_MK2_20151105154714.csv,0.468
Charger_TAS1801_r2_MK2_20151105154729.csv,0.466
Charger_TAS1801_r2_MK2_20151105154758.csv,0.466
DrillingMachine_Pattfield-E-SB550E_r1_MK1_20160128133030.csv,0.33
DrillingMachine_Pattfield-E-SB550E_r1_MK1_20160128133043.csv,0.34
DrillingMachine_Pattfield-E-SB550E_r1_MK1_20160128133016.csv,0.346
DrillingMachine_Pattfield-E-SB550E_r1_MK1_20160128133057.csv,0.342
DrillingMachine_Pattfield-E-SB550E_r1_MK1_20160128133112.csv,0.324
DrillingMachine_Pattfield-E-SB550E_r1_MK1_20160128133136.csv,0.335
DrillingMachine_Pattfield-E-SB550E_r1_MK1_20160128133214.csv,0.334
DrillingMachine_Pattfield-E-SB550E_r1_MK1_20160128133152.csv,0.366
DrillingMachine_Pattfield-E-SB550E_r1_MK1_20160128133258.csv,0.333
DrillingMachine_Pattfield-E-SB550E_r1_MK1_20160128133307.csv,0.318
Fan_Salco-STT23-1_r2_MK1_20160124171618.csv,1.392
Fan_Salco-STT23-1_r2_MK1_20160124171640.csv,1.384
Fan_Salco-STT23-1_r2_MK1_20160124171702.csv,1.402
Fan_Salco-STT23-1_r2_MK1_20160124171719.csv,1.397
Fan_Salco-STT23-1_r2_MK1_20160124171747.csv,1.389
Fan_Salco-STT23-1_r2_MK1_20160124171731.csv,1.394
Fan_Salco-STT23-1_r2_MK1_20160124171801.csv,1.382
Fan_Salco-STT23-1_r2_MK1_20160124171820.csv,1.383
Fan_Salco-STT23-1_r2_MK1_20160124171835.csv,1.381
Fan_Salco-STT23-1_r2_MK1_20160124171851.csv,1.379
Hairdryer_Valera54206_r9_MK2_20170513131813.csv,0.102
Hairdryer_Valera54206_r9_MK2_20170513131826.csv,0.1
Hairdryer_Valera54206_r9_MK2_20170513131835.csv,0.103
Hairdryer_Valera54206_r9_MK2_20170513131844.csv,0.105
Hairdryer_Valera54206_r9_MK2_20170513131852.csv,0.093
Hairdryer_Valera54206_r9_MK2_20170513131901.csv,0.1
Hairdryer_Valera54206_r9_MK2_20170513131910.csv,0.105
Hairdryer_Valera54206_r9_MK2_20170513131919.csv,0.099
Hairdryer_Valera54206_r9_MK2_20170513131927.csv,0.095
Hairdryer_Valera54206_r9_MK2_20170513131937.csv,0.102
Kettle_WIK9501_r9_MK2_20170513132440.csv,0.105
Kettle_WIK9501_r9_MK2_20170513132448.csv,0.096
Kettle_WIK9501_r9_MK2_20170513132611.csv,0.095
Kettle_WIK9501_r9_MK2_20170513132618.csv,0.103
Kettle_WIK9501_r9_MK2_20170513132626.csv,0.094
Kettle_WIK9501_r9_MK2_20170513132635.csv,0.099
Kettle_WIK9501_r9_MK2_20170513132643.csv,0.099
Kettle_WIK9501_r9_MK2_20170513132722.csv,0.09
Kettle_WIK9501_r9_MK2_20170513132734.csv,0.103
Kettle_WIK9501_r9_MK2_20170513132745.csv,0.096
Iron_PanasonicNIB36TS_r9_MK2_20170513162209.csv,0.095
Iron_PanasonicNIB36TS_r9_MK2_20170513162218.csv,0.101
Iron_PanasonicNIB36TS_r9_MK2_20170513162358.csv,0.09
Iron_PanasonicNIB36TS_r9_MK2_20170513162412.csv,0.094
Iron_PanasonicNIB36TS_r9_MK2_20170513162431.csv,0.097
Iron_PanasonicNIB36TS_r9_MK2_20170513162443.csv,0.09
Iron_PanasonicNIB36TS_r9_MK2_20170513162451.csv,0.104
Iron_PanasonicNIB36TS_r9_MK2_20170513162501.csv,0.094
Iron_PanasonicNIB36TS_r9_MK2_20170513162658.csv,0.094
Iron_PanasonicNIB36TS_r9_MK2_20170513162708.csv,0.104
TV_SonyKDL42W700B_r9_MK2_20170513163759.csv,1.145
TV_SonyKDL42W700B_r9_MK2_20170513163818.csv,1.155
TV_SonyKDL42W700B_r9_MK2_20170513163831.csv,1.16
TV_SonyKDL42W700B_r9_MK2_20170513163843.csv,1.146
TV_SonyKDL42W700B_r9_MK2_20170513163853.csv,1.169
TV_SonyKDL42W700B_r9_MK2_20170513163906.csv,1.17
TV_SonyKDL42W700B_r9_MK2_20170513163918.csv,1.159
TV_SonyKDL42W700B_r9_MK2_20170513163933.csv,1.149
TV_SonyKDL42W700B_r9_MK2_20170513164003.csv,1.064
TV_SonyKDL42W700B_r9_MK2_20170513164053.csv,1.09
TV_Philips-42pfl3403_r9_MK2_20170515231624.csv,0.301
TV_Philips-42pfl3403_r9_MK2_20170515231647.csv,0.303
TV_Philips-42pfl3403_r9_MK2_20170515231710.csv,0.303
TV_Philips-42pfl3403_r9_MK2_20170515231729.csv,0.305
TV_Philips-42pfl3403_r9_MK2_20170515231757.csv,0.303
TV_Philips-42pfl3403_r9_MK2_20170515231822.csv,0.3
TV_Philips-42pfl3403_r9_MK2_20170515231844.csv,0.303
TV_Philips-42pfl3403_r9_MK2_20170515231912.csv,0.3
TV_Philips-42pfl3403_r9_MK2_20170515231938.csv,0.301
TV_Philips-42pfl3403_r9_MK2_20170515232010.csv,0.299
Kettle_WKF-818B_r9_MK2_20170515232831.csv,0.11
Kettle_WKF-818B_r9_MK2_20170515232849.csv,0.108
Kettle_WKF-818B_r9_MK2_20170515232858.csv,0.103
Kettle_WKF-818B_r9_MK2_20170515232906.csv,0.097
Kettle_WKF-818B_r9_MK2_20170515232919.csv,0.103
Kettle_WKF-818B_r9_MK2_20170515232928.csv,0.101
Kettle_WKF-818B_r9_MK2_20170515232936.csv,0.107
Kettle_WKF-818B_r9_MK2_20170515232948.csv,0.098
Kettle_WKF-818B_r9_MK2_20170515233002.csv,0.1
Kettle_WKF-818B_r9_MK2_20170515233014.csv,0.108
Iron_Philips-GC1990_r9_MK2_20170515233647.csv,0.102
Iron_Philips-GC1990_r9_MK2_20170515233701.csv,0.104
Iron_Philips-GC1990_r9_MK2_20170515233710.csv,0.097
Iron_Philips-GC1990_r9_MK2_20170515233722.csv,0.096
Iron_Philips-GC1990_r9_MK2_20170515233735.csv,0.099
Iron_Philips-GC1990_r9_MK2_20170515233748.csv,0.1
Iron_Philips-GC1990_r9_MK2_20170515233759.csv,0.099
Iron_Philips-GC1990_r9_MK2_20170515233815.csv,0.098
Iron_Philips-GC1990_r9_MK2_20170515234020.csv,0.096
Iron_Philips-GC1990_r9_MK2_20170515234029.csv,0.106
Halogen_Osram-25W_r9_MK2_20170515234827.csv,0.2
Halogen_Osram-25W_r9_MK2_20170515234839.csv,0.184
Halogen_Osram-25W_r9_MK2_20170515234845.csv,0.171
Halogen_Osram-25W_r9_MK2_20170515234852.csv,0.169
Halogen_Osram-25W_r9_MK2_20170515234859.csv,0.186
Halogen_Osram-25W_r9_MK2_20170515234906.csv,0.178
Halogen_Osram-25W_r9_MK2_20170515234914.csv,0.161
Halogen_Osram-25W_r9_MK2_20170515234920.csv,0.167
Halogen_Osram-25W_r9_MK2_20170515234927.csv,0.169
Halogen_Osram-25W_r9_MK2_20170515234934.csv,0.177
Kettle_1800W_r1_MK2_20151009173102.csv,0.103
Kettle_1800W_r1_MK2_20151009173122.csv,0.099
Kettle_1800W_r1_MK2_20151009173208.csv,0.101
Kettle_1800W_r1_MK2_20151009173217.csv,0.098
Kettle_1800W_r1_MK2_20151009173253.csv,0.099
Kettle_1800W_r1_MK2_20151009173301.csv,0.098
Kettle_1800W_r1_MK2_20151009173308.csv,0.096
Kettle_1800W_r1_MK2_20151009173826.csv,0.096
Kettle_1800W_r1_MK2_20151009173837.csv,0.1
Kettle_1800W_r1_MK2_20151009173849.csv,0.104
HairDryer_RemingtonD3090_r1_MK2_20151009174125.csv,0.104
HairDryer_RemingtonD3090_r1_MK2_20151009174147.csv,0.104
HairDryer_RemingtonD3090_r1_MK2_20151009174200.csv,0.095
HairDryer_RemingtonD3090_r1_MK2_20151009174210.csv,0.097
HairDryer_RemingtonD3090_r1_MK2_20151009174218.csv,0.105
HairDryer_RemingtonD3090_r1_MK2_20151009174234.csv,0.102
HairDryer_RemingtonD3090_r1_MK2_20151009174250.csv,0.099
HairDryer_RemingtonD3090_r1_MK2_20151009174301.csv,0.099
HairDryer_RemingtonD3090_r1_MK2_20151009174311.csv,0.101
HairDryer_RemingtonD3090_r1_MK2_20151009174322.csv,0.102
FlatIron_PhilipsB_r1_MK2_20151009174744.csv,0.552
FlatIron_PhilipsB_r1_MK2_20151009174818.csv,0.558
FlatIron_PhilipsB_r1_MK2_20151009174830.csv,0.596
FlatIron_PhilipsB_r1_MK2_20151009175200.csv,0.56
FlatIron_PhilipsB_r1_MK2_20151009175217.csv,0.576
FlatIron_PhilipsB_r1_MK2_20151009175302.csv,0.584
FlatIron_PhilipsB_r1_MK2_20151009175317.csv,0.627
FlatIron_PhilipsB_r1_MK2_20151009175345.csv,0.605
FlatIron_PhilipsB_r1_MK2_20151009175401.csv,0.624
FlatIron_PhilipsB_r1_MK2_20151009175416.csv,0.624
MultiTool_Mannesmann-135W_r1_MK2_20151009180501.csv,0.289
MultiTool_Mannesmann-135W_r1_MK2_20151009180639.csv,0.288
MultiTool_Mannesmann-135W_r1_MK2_20151009180710.csv,0.303
MultiTool_Mannesmann-135W_r1_MK2_20151009180721.csv,0.305
MultiTool_Mannesmann-135W_r1_MK2_20151009180745.csv,0.289
MultiTool_Mannesmann-135W_r1_MK2_20151009180804.csv,0.307
MultiTool_Mannesmann-135W_r1_MK2_20151009180819.csv,0.29
MultiTool_Mannesmann-135W_r1_MK2_20151009180841.csv,0.306
MultiTool_Mannesmann-135W_r1_MK2_20151009180854.csv,0.29
MultiTool_Mannesmann-135W_r1_MK2_20151009180911.csv,0.297
LightBulb_Osram-25W_r1_MK2_20151009181814.csv,0.184
LightBulb_Osram-25W_r1_MK2_20151009181825.csv,0.184
LightBulb_Osram-25W_r1_MK2_20151009181836.csv,0.178
LightBulb_Osram-25W_r1_MK2_20151009181917.csv,0.183
LightBulb_Osram-25W_r1_MK2_20151009181928.csv,0.178
LightBulb_Osram-25W_r1_MK2_20151009181941.csv,0.175
LightBulb_Osram-25W_r1_MK2_20151009181954.csv,0.186
LightBulb_Osram-25W_r1_MK2_20151009182005.csv,0.175
LightBulb_Osram-25W_r1_MK2_20151009182016.csv,0.176
LightBulb_Osram-25W_r1_MK2_20151009182027.csv,0.168
Fan_VOV-50W_r1_MK2_20151009182413.csv,0.204
Fan_VOV-50W_r1_MK2_20151009182425.csv,0.209
Fan_VOV-50W_r1_MK2_20151009182444.csv,0.21
Fan_VOV-50W_r1_MK2_20151009182514.csv,0.21
Fan_VOV-50W_r1_MK2_20151009182526.csv,0.213
Fan_VOV-50W_r1_MK2_20151009182538.csv,0.217
Fan_VOV-50W_r1_MK2_20151009182553.csv,0.216
Fan_VOV-50W_r1_MK2_20151009182606.csv,0.217
Fan_VOV-50W_r1_MK2_20151009182620.csv,0.22
Fan_VOV-50W_r1_MK2_20151009182632.csv,0.218
LightBulb_Vintage-40W_r1_MK2_20151012101142.csv,0.201
LightBulb_Vintage-40W_r1_MK2_20151012101210.csv,0.177
LightBulb_Vintage-40W_r1_MK2_20151012101233.csv,0.167
LightBulb_Vintage-40W_r1_MK2_20151012101252.csv,0.187
LightBulb_Vintage-40W_r1_MK2_20151012101308.csv,0.174
LightBulb_Vintage-40W_r1_MK2_20151012101323.csv,0.164
LightBulb_Vintage-40W_r1_MK2_20151012101341.csv,0.173
LightBulb_Vintage-40W_r1_MK2_20151012101405.csv,0.19
LightBulb_Vintage-40W_r1_MK2_20151012101422.csv,0.153
LightBulb_Vintage-40W_r1_MK2_20151012101444.csv,0.176
LightBulb_Osram-100W_r1_MK2_20151012101701.csv,0.2
LightBulb_Osram-100W_r1_MK2_20151012101714.csv,0.191
LightBulb_Osram-100W_r1_MK2_20151012101729.csv,0.177
LightBulb_Osram-100W_r1_MK2_20151012101741.csv,0.183
LightBulb_Osram-100W_r1_MK2_20151012101751.csv,0.175
LightBulb_Osram-100W_r1_MK2_20151012101803.csv,0.169
LightBulb_Osram-100W_r1_MK2_20151012101813.csv,0.179
LightBulb_Osram-100W_r1_MK2_20151012101823.csv,0.176
LightBulb_Osram-100W_r1_MK2_20151012101837.csv,0.177
LightBulb_Osram-100W_r1_MK2_20151012101848.csv,0.165
CFL_IKEA15W_r1_MK2_20151012103604.csv,0.591
CFL_IKEA15W_r1_MK2_20151012103623.csv,0.92
CFL_IKEA15W_r1_MK2_20151012103637.csv,0.772
CFL_IKEA15W_r1_MK2_20151012103710.csv,0.847
CFL_IKEA15W_r1_MK2_20151012103735.csv,0.896
CFL_IKEA15W_r1_MK2_20151012103755.csv,0.534
CFL_IKEA15W_r1_MK2_20151012103821.csv,0.581
CFL_IKEA15W_r1_MK2_20151012103848.csv,0.369
CFL_IKEA15W_r1_MK2_20151012103903.csv,0.463
CFL_IKEA15W_r1_MK2_20151012103918.csv,0.362
Mixer_OK-200W_r1_MK2_20151012104514.csv,0.215
Mixer_OK-200W_r1_MK2_20151012104546.csv,0.234
Mixer_OK-200W_r1_MK2_20151012104605.csv,0.306
Mixer_OK-200W_r1_MK2_20151012104618.csv,0.309
Mixer_OK-200W_r1_MK2_20151012104630.csv,0.29
Mixer_OK-200W_r1_MK2_20151012104641.csv,0.274
Mixer_OK-200W_r1_MK2_20151012104652.csv,0.242
Mixer_OK-200W_r1_MK2_20151012104702.csv,0.248
Mixer_OK-200W_r1_MK2_20151012104712.csv,0.228
Mixer_OK-200W_r1_MK2_20151012104721.csv,0.232
Mixer_KenwoodCH580W_r1_MK2_20151012110632.csv,0.574
Mixer_KenwoodCH580W_r1_MK2_20151012110735.csv,0.581
Mixer_KenwoodCH580W_r1_MK2_20151012110759.csv,0.585
Mixer_KenwoodCH580W_r1_MK2_20151012110839.csv,0.603
Mixer_KenwoodCH580W_r1_MK2_20151012110852.csv,0.589
Mixer_KenwoodCH580W_r1_MK2_20151012110905.csv,0.209
Mixer_KenwoodCH580W_r1_MK2_20151012110926.csv,0.188
Mixer_KenwoodCH580W_r1_MK2_20151012110946.csv,0.144
Mixer_KenwoodCH580W_r1_MK2_20151012111005.csv,0.213
Mixer_KenwoodCH580W_r1_MK2_20151012111034.csv,0.144
Mixer_IdeenWelt-500W_r2_MK2_20151012111315.csv,0.595
Mixer_IdeenWelt-500W_r2_MK2_20151012111336.csv,0.577
Mixer_IdeenWelt-500W_r2_MK2_20151012111347.csv,0.574
Mixer_IdeenWelt-500W_r2_MK2_20151012111357.csv,0.575
Mixer_IdeenWelt-500W_r2_MK2_20151012111407.csv,0.631
Mixer_IdeenWelt-500W_r2_MK2_20151012111438.csv,0.191
Mixer_IdeenWelt-500W_r2_MK2_20151012111447.csv,0.175
Mixer_IdeenWelt-500W_r2_MK2_20151012111456.csv,0.212
Mixer_IdeenWelt-500W_r2_MK2_20151012111506.csv,0.198
Mixer_IdeenWelt-500W_r2_MK2_20151012111517.csv,0.147
Toaster_750W_r2_MK2_20151012111819.csv,0.108
Toaster_750W_r2_MK2_20151012111900.csv,0.117
Toaster_750W_r2_MK2_20151012111913.csv,0.114
Toaster_750W_r2_MK2_20151012111928.csv,0.104
Toaster_750W_r2_MK2_20151012111942.csv,0.111
Toaster_750W_r2_MK2_20151012112001.csv,0.114
Toaster_750W_r2_MK2_20151012112012.csv,0.108
Toaster_750W_r2_MK2_20151012112024.csv,0.114
Toaster_750W_r2_MK2_20151012112037.csv,0.11
Toaster_750W_r2_MK2_20151012112051.csv,0.111
Kettle_2000W_r2_MK2_20151012112409.csv,0.104
Kettle_2000W_r2_MK2_20151012112419.csv,0.098
Kettle_2000W_r2_MK2_20151012112428.csv,0.103
Kettle_2000W_r2_MK2_20151012112438.csv,0.1
Kettle_2000W_r2_MK2_20151012112448.csv,0.104
Kettle_2000W_r2_MK2_20151012112459.csv,0.096
Kettle_2000W_r2_MK2_20151012112511.csv,0.103
Kettle_2000W_r2_MK2_20151012112523.csv,0.105
Kettle_2000W_r2_MK2_20151012112534.csv,0.102
Kettle_2000W_r2_MK2_20151012112603.csv,0.105
SolderingIron_80W_r1_MK2_20151012113036.csv,0.497
SolderingIron_80W_r1_MK2_20151012113054.csv,0.3
SolderingIron_80W_r1_MK2_20151012113112.csv,0.582
SolderingIron_80W_r1_MK2_20151012113132.csv,0.599
SolderingIron_80W_r1_MK2_20151012113221.csv,0.286
SolderingIron_80W_r1_MK2_20151012113244.csv,0.404
SolderingIron_80W_r1_MK2_20151012113307.csv,0.287
SolderingIron_80W_r1_MK2_20151012113326.csv,0.657
SolderingIron_80W_r1_MK2_20151012113354.csv,0.669
SolderingIron_80W_r1_MK2_20151012113434.csv,0.29
Shredder_HSMX8-230W_r1_MK2_20151012114053.csv,0.834
Shredder_HSMX8-230W_r1_MK2_20151012114312.csv,0.892
Shredder_HSMX8-230W_r1_MK2_20151012114343.csv,0.848
Shredder_HSMX8-230W_r1_MK2_20151012114651.csv,0.753
Shredder_HSMX8-230W_r1_MK2_20151012114707.csv,0.716
Shredder_HSMX8-230W_r1_MK2_20151012114734.csv,0.944
Shredder_HSMX8-230W_r1_MK2_20151012114829.csv,0.789
Shredder_HSMX8-230W_r1_MK2_20151012114847.csv,0.919
Shredder_HSMX8-230W_r1_MK2_20151012114933.csv,0.999
Shredder_HSMX8-230W_r1_MK2_20151012114958.csv,0.967
Monitor_FujitsuP171_r1_MK2_20151012120036.csv,1.404
Monitor_FujitsuP171_r1_MK2_20151012120109.csv,1.448
Monitor_FujitsuP171_r1_MK2_20151012120140.csv,1.461
Monitor_FujitsuP171_r1_MK2_20151012120155.csv,1.458
Monitor_FujitsuP171_r1_MK2_20151012120205.csv,1.459
Monitor_FujitsuP171_r1_MK2_20151012120219.csv,1.456
Monitor_FujitsuP171_r1_MK2_20151012120232.csv,1.448
Monitor_FujitsuP171_r1_MK2_20151012120245.csv,1.451
Monitor_FujitsuP171_r1_MK2_20151012120258.csv,1.456
Monitor_FujitsuP171_r1_MK2_20151012120311.csv,1.452
Monitor_DellU2713H_r1_MK2_20151012121109.csv,0.6
Monitor_DellU2713H_r1_MK2_20151012132405.csv,0.555
Monitor_DellU2713H_r1_MK2_20151012132421.csv,0.557
Monitor_DellU2713H_r1_MK2_20151012132436.csv,0.551
Monitor_DellU2713H_r1_MK2_20151012132501.csv,0.525
Monitor_DellU2713H_r1_MK2_20151012132556.csv,0.525
Monitor_DellU2713H_r1_MK2_20151012132727.csv,0.543
Monitor_DellU2713H_r1_MK2_20151012132741.csv,0.558
Monitor_DellU2713H_r1_MK2_20151012132757.csv,0.536
Monitor_DellU2713H_r1_MK2_20151012132813.csv,0.531
PowerSupply_BaseTechBT305_r1_MK2_20151016151011.csv,2.243
PowerSupply_BaseTechBT305_r1_MK2_20151016151022.csv,3.458
PowerSupply_BaseTechBT305_r1_MK2_20151016151033.csv,3.079
PowerSupply_BaseTechBT305_r1_MK2_20151016151042.csv,1.437
PowerSupply_BaseTechBT305_r1_MK2_20151016151114.csv,1.904
PowerSupply_BaseTechBT305_r1_MK2_20151016151256.csv,4.131
PowerSupply_BaseTechBT305_r1_MK2_20151016151312.csv,1.11
PowerSupply_BaseTechBT305_r1_MK2_20151016151340.csv,1.394
PowerSupply_BaseTechBT305_r1_MK2_20151016151358.csv,2.353
PowerSupply_BaseTechBT305_r1_MK2_20151016151458.csv,5.848
Kettle_Clatronic_r3_MK2_20151017001448.csv,0.098
Kettle_Clatronic_r3_MK2_20151017001538.csv,0.088
Kettle_Clatronic_r3_MK2_20151017001548.csv,0.092
Kettle_Clatronic_r3_MK2_20151017001604.csv,0.099
Kettle_Clatronic_r3_MK2_20151017001615.csv,0.087
Kettle_Clatronic_r3_MK2_20151017001624.csv,0.093
Kettle_Clatronic_r3_MK2_20151017001633.csv,0.093
Kettle_Clatronic_r3_MK2_20151017001642.csv,0.093
Kettle_Clatronic_r3_MK2_20151017001651.csv,0.091
Mixer_VEB-rg5_r3_MK2_20151017011856.csv,0.376
Mixer_VEB-rg5_r3_MK2_20151017011954.csv,0.367
Mixer_VEB-rg5_r3_MK2_20151017012037.csv,0.352
Mixer_VEB-rg5_r3_MK2_20151017012049.csv,0.379
Mixer_VEB-rg5_r3_MK2_20151017012102.csv,0.373
Mixer_VEB-rg5_r3_MK2_20151017012120.csv,0.381
Mixer_VEB-rg5_r3_MK2_20151017012133.csv,0.331
Mixer_VEB-rg5_r3_MK2_20151017012155.csv,0.366
Mixer_VEB-rg5_r3_MK2_20151017012213.csv,0.403
Mixer_VEB-rg5_r3_MK2_20151017012249.csv,0.377
JigSaw_TIP_r3_MK2_20151017123321.csv,0.401
JigSaw_TIP_r3_MK2_20151017123405.csv,0.42
JigSaw_TIP_r3_MK2_20151017123426.csv,0.414
JigSaw_TIP_r3_MK2_20151017123444.csv,0.362
JigSaw_TIP_r3_MK2_20151017123502.csv,0.414
JigSaw_TIP_r3_MK2_20151017123523.csv,0.391
JigSaw_TIP_r3_MK2_20151017123538.csv,0.407
JigSaw_TIP_r3_MK2_20151017123552.csv,0.404
JigSaw_TIP_r3_MK2_20151017123607.csv,0.352
JigSaw_TIP_r3_MK2_20151017123627.csv,0.4
DrillingMachine_ProWorkSMJ500e_r3_MK2_20151017123919.csv,0.323
DrillingMachine_ProWorkSMJ500e_r3_MK2_20151017124000.csv,0.321
DrillingMachine_ProWorkSMJ500e_r3_MK2_20151017124022.csv,0.315
DrillingMachine_ProWorkSMJ500e_r3_MK2_20151017124103.csv,0.351
DrillingMachine_ProWorkSMJ500e_r3_MK2_20151017124121.csv,0.334
DrillingMachine_ProWorkSMJ500e_r3_MK2_20151017124201.csv,0.335
DrillingMachine_ProWorkSMJ500e_r3_MK2_20151017124216.csv,0.344
DrillingMachine_ProWorkSMJ500e_r3_MK2_20151017124235.csv,0.334
DrillingMachine_ProWorkSMJ500e_r3_MK2_20151017124249.csv,0.352
DrillingMachine_ProWorkSMJ500e_r3_MK2_20151017124307.csv,0.335
Iron_AFK1800W_r3_MK2_20151017124918.csv,0.093
Iron_AFK1800W_r3_MK2_20151017124928.csv,0.094
Iron_AFK1800W_r3_MK2_20151017124939.csv,0.101
Iron_AFK1800W_r3_MK2_20151017124950.csv,0.088
Iron_AFK1800W_r3_MK2_20151017125001.csv,0.097
Iron_AFK1800W_r3_MK2_20151017125011.csv,0.1
Iron_AFK1800W_r3_MK2_20151017125022.csv,0.1
Iron_AFK1800W_r3_MK2_20151017125126.csv,0.101
Iron_AFK1800W_r3_MK2_20151017125241.csv,0.099
Iron_AFK1800W_r3_MK2_20151017125403.csv,0.093
Iron_Clatronic1200W_r3_MK2_20151017125552.csv,0.102
Iron_Clatronic1200W_r3_MK2_20151017125602.csv,0.099
Iron_Clatronic1200W_r3_MK2_20151017125613.csv,0.095
Iron_Clatronic1200W_r3_MK2_20151017125622.csv,0.1
Iron_Clatronic1200W_r3_MK2_20151017125632.csv,0.104
Iron_Clatronic1200W_r3_MK2_20151017125642.csv,0.098
Iron_Clatronic1200W_r3_MK2_20151017125652.csv,0.095
Iron_Clatronic1200W_r3_MK2_20151017125703.csv,0.095
Iron_Clatronic1200W_r3_MK2_20151017125852.csv,0.097
Iron_Clatronic1200W_r3_MK2_20151017130106.csv,0.106
VacuumCleaner_Siemens2500W_r3_MK2_20151017131802.csv,0.699
VacuumCleaner_Siemens2500W_r3_MK2_20151017131820.csv,0.693
VacuumCleaner_Siemens2500W_r3_MK2_20151017131839.csv,0.692
VacuumCleaner_Siemens2500W_r3_MK2_20151017131901.csv,0.689
VacuumCleaner_Siemens2500W_r3_MK2_20151017131935.csv,0.691
VacuumCleaner_Siemens2500W_r3_MK2_20151017131959.csv,0.689
VacuumCleaner_Siemens2500W_r3_MK2_20151017132023.csv,0.683
VacuumCleaner_Siemens2500W_r3_MK2_20151017132049.csv,0.685
VacuumCleaner_Siemens2500W_r3_MK2_20151017132113.csv,0.688
VacuumCleaner_Siemens2500W_r3_MK2_20151017132230.csv,0.697
HairDryer_RemingtonD5000_r3_MK2_20151017132922.csv,0.099
HairDryer_RemingtonD5000_r3_MK2_20151017132940.csv,0.093
HairDryer_RemingtonD5000_r3_MK2_20151017132952.csv,0.09
HairDryer_RemingtonD5000_r3_MK2_20151017133004.csv,0.092
HairDryer_RemingtonD5000_r3_MK2_20151017133029.csv,0.205
HairDryer_RemingtonD5000_r3_MK2_20151017133041.csv,0.1
HairDryer_RemingtonD5000_r3_MK2_20151017133052.csv,0.095
HairDryer_RemingtonD5000_r3_MK2_20151017133103.csv,0.098
HairDryer_RemingtonD5000_r3_MK2_20151017133117.csv,0.092
HairDryer_RemingtonD5000_r3_MK2_20151017133211.csv,0.1
FanHeater_Zhongshan_r3_MK2_20151017133341.csv,0.087
FanHeater_Zhongshan_r3_MK2_20151017133355.csv,0.089
FanHeater_Zhongshan_r3_MK2_20151017133410.csv,0.093
FanHeater_Zhongshan_r3_MK2_20151017133430.csv,0.086
FanHeater_Zhongshan_r3_MK2_20151017133502.csv,0.088
FanHeater_Zhongshan_r3_MK2_20151017133526.csv,0.085
FanHeater_Zhongshan_r3_MK2_20151017133549.csv,0.091
FanHeater_Zhongshan_r3_MK2_20151017133608.csv,0.081
FanHeater_Zhongshan_r3_MK2_20151017133627.csv,0.086
FanHeater_Zhongshan_r3_MK2_20151017133647.csv,0.086
Toaster_Powertec-900W_r3_MK2_20151017134450.csv,0.103
Toaster_Powertec-900W_r3_MK2_20151017134508.csv,0.104
Toaster_Powertec-900W_r3_MK2_20151017134516.csv,0.1
Toaster_Powertec-900W_r3_MK2_20151017134527.csv,0.105
Toaster_Powertec-900W_r3_MK2_20151017134538.csv,0.106
Toaster_Powertec-900W_r3_MK2_20151017134549.csv,0.103
Toaster_Powertec-900W_r3_MK2_20151017134600.csv,0.105
Toaster_Powertec-900W_r3_MK2_20151017134610.csv,0.106
Toaster_Powertec-900W_r3_MK2_20151017134621.csv,0.104
Toaster_Powertec-900W_r3_MK2_20151017134716.csv,0.104
HalogenFluter_300W_r3_MK2_20151017135333.csv,0.161
HalogenFluter_300W_r3_MK2_20151017135345.csv,0.156
HalogenFluter_300W_r3_MK2_20151017135355.csv,0.153
HalogenFluter_300W_r3_MK2_20151017135408.csv,0.142
HalogenFluter_300W_r3_MK2_20151017135417.csv,0.136
HalogenFluter_300W_r3_MK2_20151017135427.csv,0.12
HalogenFluter_300W_r3_MK2_20151017135437.csv,0.156
HalogenFluter_300W_r3_MK2_20151017135447.csv,0.155
HalogenFluter_300W_r3_MK2_20151017135501.csv,0.126
HalogenFluter_300W_r3_MK2_20151017135510.csv,0.136
LightBulb_Tungsten-40W_r3_MK2_20151017135738.csv,0.163
LightBulb_Tungsten-40W_r3_MK2_20151017135748.csv,0.152
LightBulb_Tungsten-40W_r3_MK2_20151017135757.csv,0.159
LightBulb_Tungsten-40W_r3_MK2_20151017135805.csv,0.15
LightBulb_Tungsten-40W_r3_MK2_20151017135813.csv,0.168
LightBulb_Tungsten-40W_r3_MK2_20151017135821.csv,0.161
LightBulb_Tungsten-40W_r3_MK2_20151017135829.csv,0.164
LightBulb_Tungsten-40W_r3_MK2_20151017135837.csv,0.16
LightBulb_Tungsten-40W_r3_MK2_20151017135845.csv,0.152
LightBulb_Tungsten-40W_r3_MK2_20151017135854.csv,0.172
Microwave_Sharp_r3_MK2_20151017140537.csv,0.568
Microwave_Sharp_r3_MK2_20151017140550.csv,0.506
Microwave_Sharp_r3_MK2_20151017140601.csv,0.476
Microwave_Sharp_r3_MK2_20151017140624.csv,0.533
Microwave_Sharp_r3_MK2_20151017140636.csv,0.503
Microwave_Sharp_r3_MK2_20151017140648.csv,0.502
Microwave_Sharp_r3_MK2_20151017140659.csv,0.492
Microwave_Sharp_r3_MK2_20151017140711.csv,0.507
Microwave_Sharp_r3_MK2_20151017140724.csv,0.513
Microwave_Sharp_r3_MK2_20151017140737.csv,0.504
DesktopPC_300W_r3_MK2_20151017173815.csv,1.599
DesktopPC_300W_r3_MK2_20151017173833.csv,0.563
DesktopPC_300W_r3_MK2_20151017173853.csv,0.552
DesktopPC_300W_r3_MK2_20151017173945.csv,0.525
DesktopPC_300W_r3_MK2_20151017174005.csv,0.539
DesktopPC_300W_r3_MK2_20151017174022.csv,0.555
DesktopPC_300W_r3_MK2_20151017174037.csv,0.543
DesktopPC_300W_r3_MK2_20151017174054.csv,0.558
DesktopPC_300W_r3_MK2_20151017174108.csv,0.544
DesktopPC_300W_r3_MK2_20151017174121.csv,0.539
PowerSupply_UHS401-1_r3_MK2_20151017174741.csv,2.725
PowerSupply_UHS401-1_r3_MK2_20151017174752.csv,2.501
PowerSupply_UHS401-1_r3_MK2_20151017174802.csv,2.015
PowerSupply_UHS401-1_r3_MK2_20151017174812.csv,2.319
PowerSupply_UHS401-1_r3_MK2_20151017174822.csv,2.607
PowerSupply_UHS401-1_r3_MK2_20151017174831.csv,2.492
PowerSupply_UHS401-1_r3_MK2_20151017174841.csv,2.523
PowerSupply_UHS401-1_r3_MK2_20151017174849.csv,2.721
PowerSupply_UHS401-1_r3_MK2_20151017174857.csv,2.463
PowerSupply_UHS401-1_r3_MK2_20151017174906.csv,2.399
LaserPrinter_BrotherHL1450_r3_MK2_20151018103058.csv,0.286
LaserPrinter_BrotherHL1450_r3_MK2_20151018103121.csv,0.272
LaserPrinter_BrotherHL1450_r3_MK2_20151018103201.csv,0.2
LaserPrinter_BrotherHL1450_r3_MK2_20151018103304.csv,0.212
LaserPrinter_BrotherHL1450_r3_MK2_20151018103354.csv,0.201
LaserPrinter_BrotherHL1450_r3_MK2_20151018103532.csv,0.216
LaserPrinter_BrotherHL1450_r3_MK2_20151018103654.csv,0.233
LaserPrinter_BrotherHL1450_r3_MK2_20151018103731.csv,0.198
LaserPrinter_BrotherHL1450_r3_MK2_20151018103814.csv,0.226
LaserPrinter_BrotherHL1450_r3_MK2_20151018103857.csv,0.209
LightBulb_Halogen-30W_r3_MK2_20151018111428.csv,0.139
LightBulb_Halogen-30W_r3_MK2_20151018111452.csv,0.141
LightBulb_Halogen-30W_r3_MK2_20151018111540.csv,0.133
LightBulb_Halogen-30W_r3_MK2_20151018111554.csv,0.136
LightBulb_Halogen-30W_r3_MK2_20151018111610.csv,0.137
LightBulb_Halogen-30W_r3_MK2_20151018111641.csv,0.148
LightBulb_Halogen-30W_r3_MK2_20151018111755.csv,0.15
LightBulb_Halogen-30W_r3_MK2_20151018111814.csv,0.135
LightBulb_Halogen-30W_r3_MK2_20151018111830.csv,0.137
LightBulb_Halogen-30W_r3_MK2_20151018111845.csv,0.145
HIFI_YamahaA500_r3_MK2_20151018113750.csv,0.526
HIFI_YamahaA500_r3_MK2_20151018113801.csv,0.703
HIFI_YamahaA500_r3_MK2_20151018113813.csv,0.78
HIFI_YamahaA500_r3_MK2_20151018113822.csv,0.925
HIFI_YamahaA500_r3_MK2_20151018113831.csv,0.917
HIFI_YamahaA500_r3_MK2_20151018113840.csv,1.115
HIFI_YamahaA500_r3_MK2_20151018113849.csv,0.873
HIFI_YamahaA500_r3_MK2_20151018113858.csv,0.769
HIFI_YamahaA500_r3_MK2_20151018113907.csv,1.231
HIFI_YamahaA500_r3_MK2_20151018113915.csv,0.877
Shredder_Quigg190W_r3_MK2_20151018140535.csv,0.366
Shredder_Quigg190W_r3_MK2_20151018140600.csv,0.41
Shredder_Quigg190W_r3_MK2_20151018140618.csv,0.397
Shredder_Quigg190W_r3_MK2_20151018140643.csv,0.373
Shredder_Quigg190W_r3_MK2_20151018140659.csv,0.374
Shredder_Quigg190W_r3_MK2_20151018141040.csv,0.372
Shredder_Quigg190W_r3_MK2_20151018141102.csv,0.334
Shredder_Quigg190W_r3_MK2_20151018141133.csv,0.285
Shredder_Quigg190W_r3_MK2_20151018141143.csv,0.304
Shredder_Quigg190W_r3_MK2_20151018141159.csv,0.274
Fan_HoneywellCL25AE_r5_MK2_20151022182552.csv,0.112
Fan_HoneywellCL25AE_r5_MK2_20151022182627.csv,0.11
Fan_HoneywellCL25AE_r5_MK2_20151022182614.csv,0.077
Fan_Krisbow50W_r5_MK2_20151022173811.csv,0.12
Fan_Krisbow50W_r5_MK2_20151022173704.csv,0.123
Fan_HoneywellCL25AE_r5_MK2_20151022182725.csv,0.116
Fan_HoneywellCL25AE_r5_MK2_20151022182639.csv,0.112
Fan_Krisbow50W_r5_MK2_20151022173907.csv,0.121
Fan_Krisbow50W_r5_MK2_20151022173731.csv,0.121
Fan_HoneywellCL25AE_r5_MK2_20151022182800.csv,0.116
Fan_HoneywellCL25AE_r5_MK2_20151022182536.csv,0.117
Fan_HoneywellCL25AE_r5_MK2_20151022182654.csv,0.107
Fan_Krisbow50W_r5_MK2_20151022173847.csv,0.127
Fan_HoneywellCL25AE_r5_MK2_20151022182740.csv,0.121
Fan_Krisbow50W_r5_MK2_20151022174001.csv,0.237
Fan_HoneywellCL25AE_r5_MK2_20151022182711.csv,0.122
FlatIron_PhilipsA_r5_MK2_20151022183453.csv,0.203
FlatIron_PhilipsA_r5_MK2_20151022183408.csv,0.194
Fan_Krisbow50W_r5_MK2_20151022174040.csv,0.114
FlatIron_PhilipsA_r5_MK2_20151022183638.csv,0.213
DeepFryer_Kueche1500W_r5_MK2_20151028045634.csv,0.074
Fan_Krisbow50W_r5_MK2_20151022174122.csv,0.113
FlatIron_PhilipsA_r5_MK2_20151022183354.csv,0.19
FlatIron_PhilipsA_r5_MK2_20151022183424.csv,0.199
FlatIron_PhilipsA_r5_MK2_20151022183344.csv,0.158
Fan_Krisbow50W_r5_MK2_20151022174102.csv,0.117
FlatIron_PhilipsA_r5_MK2_20151022183442.csv,0.191
FlatIron_PhilipsA_r5_MK2_20151022183557.csv,0.216
FlatIron_PhilipsA_r5_MK2_20151022183512.csv,0.193
DeepFryer_Kueche1500W_r5_MK2_20151028045616.csv,0.085
FlatIron_PhilipsA_r5_MK2_20151022183541.csv,0.24
Fan_Krisbow50W_r5_MK2_20151022174020.csv,0.116
DeepFryer_Kueche1500W_r5_MK2_20151028045602.csv,0.085
Iron_PhilipsFeatherLight_r5_MK2_20151022181410.csv,0.109
Iron_PhilipsFeatherLight_r5_MK2_20151022181514.csv,0.11
Iron_PhilipsFeatherLight_r5_MK2_20151022181347.csv,0.107
Iron_PhilipsFeatherLight_r5_MK2_20151022181451.csv,0.107
Iron_PhilipsFeatherLight_r5_MK2_20151022181358.csv,0.109
DeepFryer_Kueche1500W_r5_MK2_20151028045806.csv,0.078
Iron_PhilipsFeatherLight_r5_MK2_20151022181535.csv,0.11
Iron_PhilipsFeatherLight_r5_MK2_20151022181440.csv,0.099
DeepFryer_Kueche1500W_r5_MK2_20151028045740.csv,0.082
Iron_PhilipsFeatherLight_r5_MK2_20151022181430.csv,0.1
Iron_PhilipsFeatherLight_r5_MK2_20151022181503.csv,0.11
Iron_PhilipsFeatherLight_r5_MK2_20151022181524.csv,0.097
DeepFryer_Kueche1500W_r5_MK2_20151028045727.csv,0.084
DeepFryer_Kueche1500W_r5_MK2_20151028045900.csv,0.085
DeepFryer_Kueche1500W_r5_MK2_20151028045649.csv,0.086
DeepFryer_Kueche1500W_r5_MK2_20151028045841.csv,0.069
DeepFryer_Kueche1500W_r5_MK2_20151028045824.csv,0.085
JuiceMaker_PowerJuicer_r5_MK2_20151028050612.csv,0.515
JuiceMaker_PowerJuicer_r5_MK2_20151028050706.csv,0.477
LEDLight_A_r4_MK2_20151028072456.csv,0.792
JuiceMaker_PowerJuicer_r5_MK2_20151028050953.csv,0.477
JuiceMaker_PowerJuicer_r5_MK2_20151028051051.csv,0.48
JuiceMaker_PowerJuicer_r5_MK2_20151028050746.csv,0.486
JuiceMaker_PowerJuicer_r5_MK2_20151028050902.csv,0.486
LEDLight_A_r4_MK2_20151028072619.csv,1.331
JuiceMaker_PowerJuicer_r5_MK2_20151028051243.csv,0.48
LEDLight_A_r4_MK2_20151028072826.csv,1.118
JuiceMaker_PowerJuicer_r5_MK2_20151028051327.csv,0.475
LEDLight_A_r4_MK2_20151028072938.csv,1.15
JuiceMaker_PowerJuicer_r5_MK2_20151028050357.csv,0.486
LEDLight_A_r4_MK2_20151028072653.csv,0.933
JuiceMaker_PowerJuicer_r5_MK2_20151028050442.csv,0.479
LEDLight_A_r4_MK2_20151028072926.csv,0.705
LEDLight_A_r4_MK2_20151028072951.csv,1.054
Toaster_Electrolux_r5_MK2_20151028035340.csv,0.105
Massage_Advance_r5_MK2_20151022185245.csv,1.854
LEDLight_A_r4_MK2_20151028073021.csv,0.601
Massage_Advance_r5_MK2_20151022185255.csv,1.868
Massage_Advance_r5_MK2_20151022185209.csv,1.825
Massage_Advance_r5_MK2_20151022185145.csv,1.831
Massage_Advance_r5_MK2_20151022185221.csv,1.83
Toaster_Electrolux_r5_MK2_20151028035355.csv,0.102
Massage_Advance_r5_MK2_20151022185158.csv,1.834
Massage_Advance_r5_MK2_20151022185101.csv,1.819
Massage_Advance_r5_MK2_20151022185118.csv,1.826
Toaster_Electrolux_r5_MK2_20151028035348.csv,0.105
LEDLight_A_r4_MK2_20151028073010.csv,0.656
Massage_Advance_r5_MK2_20151022185233.csv,1.853
LEDLight_A_r4_MK2_20151028073001.csv,0.462
Massage_Advance_r5_MK2_20151022185133.csv,1.836
Toaster_Electrolux_r5_MK2_20151028035446.csv,0.107
Treadmill_Shaga_r5_MK2_20151028054447.csv,1.38
Treadmill_Shaga_r5_MK2_20151028054258.csv,1.462
Treadmill_Shaga_r5_MK2_20151028054231.csv,1.467
Toaster_Electrolux_r5_MK2_20151028035402.csv,0.104
Treadmill_Shaga_r5_MK2_20151028054647.csv,1.409
Treadmill_Shaga_r5_MK2_20151028054412.csv,1.353
Toaster_Electrolux_r5_MK2_20151028035409.csv,0.104
Treadmill_Shaga_r5_MK2_20151028054333.csv,1.39
Treadmill_Shaga_r5_MK2_20151028054606.csv,1.395
Treadmill_Shaga_r5_MK2_20151028054625.csv,1.397
Toaster_Electrolux_r5_MK2_20151028035417.csv,0.102
Toaster_Electrolux_r5_MK2_20151028035431.csv,0.102
Treadmill_Shaga_r5_MK2_20151028054200.csv,1.562
Treadmill_Shaga_r5_MK2_20151028054534.csv,1.382
Toaster_Electrolux_r5_MK2_20151028035439.csv,0.103
Toaster_Electrolux_r5_MK2_20151028035424.csv,0.106
VacuumCleaner_Maximus_r5_MK2_20151029045214.csv,0.304
VacuumCleaner_Maximus_r5_MK2_20151029045228.csv,0.328
VacuumCleaner_Maximus_r5_MK2_20151029045245.csv,0.326
VacuumCleaner_Maximus_r5_MK2_20151029045257.csv,0.322
VacuumCleaner_Maximus_r5_MK2_20151029045310.csv,0.322
VacuumCleaner_Maximus_r5_MK2_20151029045321.csv,0.322
VacuumCleaner_Maximus_r5_MK2_20151029045335.csv,0.295
VacuumCleaner_Maximus_r5_MK2_20151029045349.csv,0.32
VacuumCleaner_Maximus_r5_MK2_20151029045402.csv,0.304
VacuumCleaner_Maximus_r5_MK2_20151029045416.csv,0.273
Charger_Patona_r5_MK2_20151028180120.csv,6.22
Charger_Patona_r5_MK2_20151028180135.csv,6.617
Charger_Blackberry_r5_MK2_20151028181112.csv,2.806
Charger_Blackberry_r5_MK2_20151028181319.csv,2.858
Charger_Blackberry_r5_MK2_20151028181334.csv,2.71
Charger_Blackberry_r5_MK2_20151028181030.csv,2.787
Charger_Blackberry_r5_MK2_20151028181020.csv,2.961
Charger_Blackberry_r5_MK2_20151028181212.csv,2.879
Charger_Blackberry_r5_MK2_20151028181823.csv,2.869
Charger_Blackberry_r5_MK2_20151028181408.csv,2.765
Charger_Patona_r5_MK2_20151028180145.csv,5.663
Charger_Blackberry_r5_MK2_20151028181102.csv,2.883
Charger_Blackberry_r5_MK2_20151028181201.csv,3.761
Charger_Patona_r5_MK2_20151028180203.csv,5.739
Charger_Patona_r5_MK2_20151028180221.csv,5.561
Charger_Patona_r5_MK2_20151028180248.csv,5.624
Charger_Patona_r5_MK2_20151028180154.csv,6.952
Charger_Patona_r5_MK2_20151028180230.csv,5.746
Charger_Patona_r5_MK2_20151028180239.csv,5.62
Charger_Patona_r5_MK2_20151028180212.csv,5.585
HairDryer_PhilipsSalonDryTravel_r5_MK2_20151029041613.csv,0.098
HairDryer_PhilipsSalonDryTravel_r5_MK2_20151029041635.csv,0.106
HairDryer_PhilipsSalonDryTravel_r5_MK2_20151029041604.csv,0.099
HairDryer_PhilipsSalonDryTravel_r5_MK2_20151029041538.csv,0.105
HairDryer_PhilipsSalonDryTravel_r5_MK2_20151029041452.csv,0.1
HairDryer_PhilipsSalonDryTravel_r5_MK2_20151029041530.csv,0.098
HairDryer_PhilipsSalonDryTravel_r5_MK2_20151029041507.csv,0.109
HairDryer_PhilipsSalonDryTravel_r5_MK2_20151029041626.csv,0.105
HairDryer_PhilipsSalonDryTravel_r5_MK2_20151029041556.csv,0.104
HairDryer_PhilipsSalonDryTravel_r5_MK2_20151029041517.csv,0.106
Charger_SamsungTravelAdapter1A_r5_MK2_20151030054420.csv,3.023
Charger_SamsungTravelAdapter1A_r5_MK2_20151030054433.csv,2.84
Charger_SamsungTravelAdapter1A_r5_MK2_20151030054442.csv,2.261
Charger_SamsungTravelAdapter1A_r5_MK2_20151030054452.csv,2.983
Charger_SamsungTravelAdapter1A_r5_MK2_20151030054503.csv,2.827
Charger_SamsungTravelAdapter1A_r5_MK2_20151030054513.csv,2.461
Charger_SamsungTravelAdapter1A_r5_MK2_20151030054524.csv,2.852
Charger_SamsungTravelAdapter1A_r5_MK2_20151030054533.csv,1.862
Charger_SamsungTravelAdapter1A_r5_MK2_20151030054542.csv,2.609
Charger_SamsungTravelAdapter1A_r5_MK2_20151030054552.csv,2.863
MosquitoRepellent_Baygon3W_r5_MK2_20151030054959.csv,0.18
MosquitoRepellent_Baygon3W_r5_MK2_20151030055010.csv,0.247
MosquitoRepellent_Baygon3W_r5_MK2_20151030055021.csv,0.271
MosquitoRepellent_Baygon3W_r5_MK2_20151030055031.csv,0.293
MosquitoRepellent_Baygon3W_r5_MK2_20151030055042.csv,0.324
MosquitoRepellent_Baygon3W_r5_MK2_20151030055053.csv,0.316
MosquitoRepellent_Baygon3W_r5_MK2_20151030055104.csv,0.297
MosquitoRepellent_Baygon3W_r5_MK2_20151030055120.csv,0.263
MosquitoRepellent_Baygon3W_r5_MK2_20151030055132.csv,0.319
MosquitoRepellent_Baygon3W_r5_MK2_20151030055143.csv,0.321
WaterHeater_Daalderop_r5_MK2_20151030061122.csv,0.099
WaterHeater_Daalderop_r5_MK2_20151030061133.csv,0.101
WaterHeater_Daalderop_r5_MK2_20151030061142.csv,0.099
WaterHeater_Daalderop_r5_MK2_20151030061153.csv,0.094
WaterHeater_Daalderop_r5_MK2_20151030061201.csv,0.1
WaterHeater_Daalderop_r5_MK2_20151030061210.csv,0.104
WaterHeater_Daalderop_r5_MK2_20151030061220.csv,0.104
WaterHeater_Daalderop_r5_MK2_20151030061233.csv,0.104
WaterHeater_Daalderop_r5_MK2_20151030061243.csv,0.093
WaterHeater_Daalderop_r5_MK2_20151030061253.csv,0.098
WaterPump_Grundfos_r5_MK2_20151030062017.csv,0.319
WaterPump_Grundfos_r5_MK2_20151030062240.csv,0.31
WaterPump_Grundfos_r5_MK2_20151030062308.csv,0.29
WaterPump_Grundfos_r5_MK2_20151030062338.csv,0.318
WaterPump_Grundfos_r5_MK2_20151030062404.csv,0.312
WaterPump_Grundfos_r5_MK2_20151030062604.csv,0.312
WaterPump_Grundfos_r5_MK2_20151030062627.csv,0.291
WaterPump_Grundfos_r5_MK2_20151030062650.csv,0.309
WaterPump_Grundfos_r5_MK2_20151030062713.csv,0.298
WaterPump_Grundfos_r5_MK2_20151030062740.csv,0.3
AC_Electrolux_r5_MK2_20151031065948.csv,0.362
AC_Electrolux_r5_MK2_20151031070257.csv,0.376
AC_Electrolux_r5_MK2_20151031070606.csv,0.375
AC_Electrolux_r5_MK2_20151031070919.csv,0.381
AC_Electrolux_r5_MK2_20151031071229.csv,0.392
AC_Electrolux_r5_MK2_20151031071715.csv,0.378
AC_Electrolux_r5_MK2_20151031072145.csv,0.378
AC_Electrolux_r5_MK2_20151031072511.csv,0.337
AC_Electrolux_r5_MK2_20151031072816.csv,0.356
AC_Electrolux_r5_MK2_20151031073129.csv,0.383
Charger_Asus_r5_MK2_20151101065144.csv,1.896
Charger_Asus_r5_MK2_20151101065154.csv,2.036
Charger_Asus_r5_MK2_20151101065202.csv,2.946
Charger_Asus_r5_MK2_20151101065212.csv,2.88
Charger_Asus_r5_MK2_20151101065221.csv,2.5
Charger_Asus_r5_MK2_20151101065230.csv,2.091
Charger_Asus_r5_MK2_20151101065239.csv,2.992
Charger_Asus_r5_MK2_20151101065248.csv,3.01
Charger_Asus_r5_MK2_20151101065258.csv,2.914
Charger_Asus_r5_MK2_20151101065310.csv,1.893
Massage_InfraTrumper_r5_MK2_20151101070202.csv,0.411
Massage_InfraTrumper_r5_MK2_20151101070428.csv,0.41
Massage_InfraTrumper_r5_MK2_20151101070458.csv,0.413
Massage_InfraTrumper_r5_MK2_20151101070509.csv,0.428
Massage_InfraTrumper_r5_MK2_20151101070521.csv,0.407
Massage_InfraTrumper_r5_MK2_20151101070530.csv,0.364
Massage_InfraTrumper_r5_MK2_20151101070555.csv,0.375
Massage_InfraTrumper_r5_MK2_20151101070606.csv,0.439
Massage_InfraTrumper_r5_MK2_20151101070626.csv,0.427
Massage_InfraTrumper_r5_MK2_20151101070634.csv,0.436
Massage_SumoFootTherapy_r5_MK2_20151101144454.csv,1.08
Massage_SumoFootTherapy_r5_MK2_20151101144512.csv,1.092
Massage_SumoFootTherapy_r5_MK2_20151101144532.csv,1.092
Massage_SumoFootTherapy_r5_MK2_20151101144543.csv,1.095
Massage_SumoFootTherapy_r5_MK2_20151101144648.csv,1.075
Massage_SumoFootTherapy_r5_MK2_20151101144700.csv,1.081
Massage_SumoFootTherapy_r5_MK2_20151101144712.csv,1.047
Massage_SumoFootTherapy_r5_MK2_20151101144730.csv,1.072
Massage_SumoFootTherapy_r5_MK2_20151101144747.csv,1.048
Massage_SumoFootTherapy_r5_MK2_20151101144800.csv,1.065
LEDLight_MH300_r4_MK2_20151102025950.csv,0.395
LEDLight_MH300_r4_MK2_20151102030320.csv,0.402
LEDLight_MH300_r4_MK2_20151102030335.csv,0.404
LEDLight_MH300_r4_MK2_20151102030348.csv,0.334
LEDLight_MH300_r4_MK2_20151102030439.csv,0.326
LEDLight_MH300_r4_MK2_20151102030452.csv,0.327
LEDLight_MH300_r4_MK2_20151102031050.csv,0.336
LEDLight_MH300_r4_MK2_20151102031305.csv,0.328
LEDLight_MH300_r4_MK2_20151102031319.csv,0.396
LEDLight_MH300_r4_MK2_20151102031331.csv,0.335
LEDLight_EcoBay_r4_MK2_20151102032135.csv,0.614
LEDLight_EcoBay_r4_MK2_20151102032144.csv,0.415
LEDLight_EcoBay_r4_MK2_20151102032203.csv,0.425
LEDLight_EcoBay_r4_MK2_20151102032216.csv,0.418
LEDLight_EcoBay_r4_MK2_20151102032231.csv,0.412
LEDLight_EcoBay_r4_MK2_20151102032411.csv,0.382
LEDLight_EcoBay_r4_MK2_20151102032423.csv,0.404
LEDLight_EcoBay_r4_MK2_20151102032435.csv,0.426
LEDLight_EcoBay_r4_MK2_20151102032448.csv,0.428
LEDLight_EcoBay_r4_MK2_20151102032830.csv,0.461
LEDLight_HighBay_r4_MK2_20151102033241.csv,0.282
LEDLight_HighBay_r4_MK2_20151102033302.csv,0.24
LEDLight_HighBay_r4_MK2_20151102033313.csv,0.208
LEDLight_HighBay_r4_MK2_20151102033323.csv,0.21
LEDLight_HighBay_r4_MK2_20151102033332.csv,0.208
LEDLight_HighBay_r4_MK2_20151102033342.csv,0.214
LEDLight_HighBay_r4_MK2_20151102033353.csv,0.213
LEDLight_HighBay_r4_MK2_20151102033601.csv,0.211
LEDLight_HighBay_r4_MK2_20151102033630.csv,0.21
LEDLight_HighBay_r4_MK2_20151102033642.csv,0.221
LEDLight_EcoBayHB100_r4_MK2_20151102034730.csv,0.408
LEDLight_EcoBayHB100_r4_MK2_20151102034751.csv,0.317
LEDLight_EcoBayHB100_r4_MK2_20151102034812.csv,0.306
LEDLight_EcoBayHB100_r4_MK2_20151102034825.csv,0.307
LEDLight_EcoBayHB100_r4_MK2_20151102034840.csv,0.302
LEDLight_EcoBayHB100_r4_MK2_20151102034853.csv,0.308
LEDLight_EcoBayHB100_r4_MK2_20151102034905.csv,0.301
LEDLight_EcoBayHB100_r4_MK2_20151102034917.csv,0.306
LEDLight_EcoBayHB100_r4_MK2_20151102034929.csv,0.304
LEDLight_EcoBayHB100_r4_MK2_20151102034941.csv,0.298
LEDLight_SL0211VS_r4_MK2_20151102035447.csv,0.878
LEDLight_SL0211VS_r4_MK2_20151102035544.csv,0.978
LEDLight_SL0211VS_r4_MK2_20151102035733.csv,0.881
LEDLight_SL0211VS_r4_MK2_20151102035744.csv,0.546
LEDLight_SL0211VS_r4_MK2_20151102035812.csv,0.639
LEDLight_SL0211VS_r4_MK2_20151102035826.csv,0.542
LEDLight_SL0211VS_r4_MK2_20151102035845.csv,0.553
LEDLight_SL0211VS_r4_MK2_20151102035905.csv,0.584
LEDLight_SL0211VS_r4_MK2_20151102035929.csv,0.556
LEDLight_SL0211VS_r4_MK2_20151102035948.csv,0.66
PowerSupply_HaoxinRXN3010d_r4_MK2_20151102040731.csv,1.532
PowerSupply_HaoxinRXN3010d_r4_MK2_20151102040741.csv,1.583
PowerSupply_HaoxinRXN3010d_r4_MK2_20151102040752.csv,2.534
PowerSupply_HaoxinRXN3010d_r4_MK2_20151102040809.csv,1.572
PowerSupply_HaoxinRXN3010d_r4_MK2_20151102040832.csv,3.666
PowerSupply_HaoxinRXN3010d_r4_MK2_20151102040845.csv,2.963
PowerSupply_HaoxinRXN3010d_r4_MK2_20151102040855.csv,1.712
PowerSupply_HaoxinRXN3010d_r4_MK2_20151102040905.csv,2.239
PowerSupply_HaoxinRXN3010d_r4_MK2_20151102040918.csv,1.504
PowerSupply_HaoxinRXN3010d_r4_MK2_20151102040932.csv,3.151
PowerSupply_AlincoDM340MV_r4_MK2_20151102041158.csv,1.41
PowerSupply_AlincoDM340MV_r4_MK2_20151102041210.csv,2.985
PowerSupply_AlincoDM340MV_r4_MK2_20151102041218.csv,1.674
PowerSupply_AlincoDM340MV_r4_MK2_20151102041227.csv,3.365
PowerSupply_AlincoDM340MV_r4_MK2_20151102041236.csv,1.678
PowerSupply_AlincoDM340MV_r4_MK2_20151102041243.csv,1.651
PowerSupply_AlincoDM340MV_r4_MK2_20151102041252.csv,1.478
PowerSupply_AlincoDM340MV_r4_MK2_20151102041300.csv,3.606
PowerSupply_AlincoDM340MV_r4_MK2_20151102041310.csv,3.193
PowerSupply_AlincoDM340MV_r4_MK2_20151102041318.csv,1.519
Desoldering_Dekko850AD_r4_MK2_20151102041551.csv,0.203
Desoldering_Dekko850AD_r4_MK2_20151102041613.csv,0.293
Desoldering_Dekko850AD_r4_MK2_20151102041645.csv,0.278
Desoldering_Dekko850AD_r4_MK2_20151102041722.csv,0.281
Desoldering_Dekko850AD_r4_MK2_20151102041800.csv,0.293
Desoldering_Dekko850AD_r4_MK2_20151102041837.csv,0.291
Desoldering_Dekko850AD_r4_MK2_20151102041915.csv,0.276
Desoldering_Dekko850AD_r4_MK2_20151102041952.csv,0.276
Desoldering_Dekko850AD_r4_MK2_20151102042035.csv,0.278
Desoldering_Dekko850AD_r4_MK2_20151102042110.csv,0.273
SolderingIron_TaiyoKX40R_r4_MK2_20151102042428.csv,0.135
SolderingIron_TaiyoKX40R_r4_MK2_20151102042449.csv,0.129
SolderingIron_TaiyoKX40R_r4_MK2_20151102042459.csv,0.137
SolderingIron_TaiyoKX40R_r4_MK2_20151102042509.csv,0.128
SolderingIron_TaiyoKX40R_r4_MK2_20151102042519.csv,0.186
SolderingIron_TaiyoKX40R_r4_MK2_20151102042529.csv,0.126
SolderingIron_TaiyoKX40R_r4_MK2_20151102042537.csv,0.143
SolderingIron_TaiyoKX40R_r4_MK2_20151102042552.csv,0.132
SolderingIron_TaiyoKX40R_r4_MK2_20151102042602.csv,0.177
SolderingIron_TaiyoKX40R_r4_MK2_20151102042614.csv,0.128
LEDLight_FL0301M_r4_MK2_20151102044934.csv,0.966
LEDLight_FL0301M_r4_MK2_20151102044944.csv,0.322
LEDLight_FL0301M_r4_MK2_20151102044953.csv,0.327
LEDLight_FL0301M_r4_MK2_20151102045001.csv,0.302
LEDLight_FL0301M_r4_MK2_20151102045009.csv,0.296
LEDLight_FL0301M_r4_MK2_20151102045016.csv,0.299
LEDLight_FL0301M_r4_MK2_20151102045024.csv,0.327
LEDLight_FL0301M_r4_MK2_20151102045032.csv,0.322
LEDLight_FL0301M_r4_MK2_20151102045039.csv,0.291
LEDLight_FL0301M_r4_MK2_20151102045045.csv,0.285
LEDLight_FLRGB_r4_MK2_20151102050438.csv,1.497
LEDLight_FLRGB_r4_MK2_20151102050450.csv,1.768
LEDLight_FLRGB_r4_MK2_20151102050500.csv,1.671
LEDLight_FLRGB_r4_MK2_20151102050513.csv,1.746
LEDLight_FLRGB_r4_MK2_20151102050529.csv,1.663
LEDLight_FLRGB_r4_MK2_20151102050542.csv,1.565
LEDLight_FLRGB_r4_MK2_20151102050559.csv,1.772
LEDLight_FLRGB_r4_MK2_20151102050610.csv,1.583
LEDLight_FLRGB_r4_MK2_20151102050621.csv,1.706
LEDLight_FLRGB_r4_MK2_20151102050631.csv,1.849
Fan_Cyclone3000_r4_MK2_20151102052001.csv,0.191
Fan_Cyclone3000_r4_MK2_20151102052012.csv,0.204
Fan_Cyclone3000_r4_MK2_20151102052023.csv,0.193
Fan_Cyclone3000_r4_MK2_20151102052041.csv,0.197
Fan_Cyclone3000_r4_MK2_20151102052054.csv,0.196
Fan_Cyclone3000_r4_MK2_20151102051929.csv,0.21
Fan_Cyclone3000_r4_MK2_20151102051951.csv,0.193
Fan_Cyclone3000_r4_MK2_20151102052106.csv,0.195
Fan_Cyclone3000_r4_MK2_20151102051942.csv,0.197
Fan_Cyclone3000_r4_MK2_20151102052118.csv,0.201
BenchGrinder_KinFujiKBG2080_r4_MK2_20151102052641.csv,0.445
BenchGrinder_KinFujiKBG2080_r4_MK2_20151102052742.csv,0.442
BenchGrinder_KinFujiKBG2080_r4_MK2_20151102052858.csv,0.438
BenchGrinder_KinFujiKBG2080_r4_MK2_20151102052915.csv,0.434
BenchGrinder_KinFujiKBG2080_r4_MK2_20151102052941.csv,0.431
BenchGrinder_KinFujiKBG2080_r4_MK2_20151102052958.csv,0.426
BenchGrinder_KinFujiKBG2080_r4_MK2_20151102053025.csv,0.424
BenchGrinder_KinFujiKBG2080_r4_MK2_20151102053055.csv,0.423
BenchGrinder_KinFujiKBG2080_r4_MK2_20151102053246.csv,0.426
BenchGrinder_KinFujiKBG2080_r4_MK2_20151102053347.csv,0.425
LEDLight_IceCube_r4_MK2_20151102063558.csv,0.418
LEDLight_IceCube_r4_MK2_20151102063608.csv,0.414
LEDLight_IceCube_r4_MK2_20151102063619.csv,0.415
LEDLight_IceCube_r4_MK2_20151102063630.csv,0.41
LEDLight_IceCube_r4_MK2_20151102063639.csv,0.418
LEDLight_IceCube_r4_MK2_20151102063707.csv,0.42
LEDLight_IceCube_r4_MK2_20151102063720.csv,0.421
LEDLight_IceCube_r4_MK2_20151102063730.csv,0.42
LEDLight_IceCube_r4_MK2_20151102063740.csv,0.416
LEDLight_IceCube_r4_MK2_20151102063753.csv,0.413
GameConsole_PS3_r2_MK2_20151115001145.csv,0.797
GameConsole_PS3_r2_MK2_20151115001221.csv,0.801
GameConsole_PS3_r2_MK2_20151115001301.csv,0.795
GameConsole_PS3_r2_MK2_20151115001413.csv,0.798
GameConsole_PS3_r2_MK2_20151115001510.csv,0.8
GameConsole_PS3_r2_MK2_20151115001620.csv,0.795
GameConsole_PS3_r2_MK2_20151115001735.csv,0.796
GameConsole_PS3_r2_MK2_20151115001938.csv,0.794
GameConsole_PS3_r2_MK2_20151115002129.csv,0.8
GameConsole_PS3_r2_MK2_20151115002346.csv,0.794
GameConsole_WII_r2_MK2_20151115004217.csv,1.482
GameConsole_WII_r2_MK2_20151115004234.csv,1.488
GameConsole_WII_r2_MK2_20151115004310.csv,1.494
GameConsole_WII_r2_MK2_20151115004335.csv,1.492
GameConsole_WII_r2_MK2_20151115004401.csv,1.487
GameConsole_WII_r2_MK2_20151115004429.csv,1.487
GameConsole_WII_r2_MK2_20151115004457.csv,1.498
GameConsole_WII_r2_MK2_20151115004520.csv,1.494
GameConsole_WII_r2_MK2_20151115004549.csv,1.499
GameConsole_WII_r2_MK2_20151115004611.csv,1.485
GameConsole_PS1_r2_MK2_20151115005043.csv,1.801
GameConsole_PS1_r2_MK2_20151115005055.csv,1.788
GameConsole_PS1_r2_MK2_20151115005107.csv,1.793
GameConsole_PS1_r2_MK2_20151115005118.csv,1.802
GameConsole_PS1_r2_MK2_20151115005130.csv,1.796
GameConsole_PS1_r2_MK2_20151115005142.csv,1.787
GameConsole_PS1_r2_MK2_20151115005154.csv,1.795
GameConsole_PS1_r2_MK2_20151115005207.csv,1.798
GameConsole_PS1_r2_MK2_20151115005220.csv,1.808
GameConsole_PS1_r2_MK2_20151115005233.csv,1.804
GameConsole_SegaMegaDrive_r2_MK2_20151115010518.csv,0.83
GameConsole_SegaMegaDrive_r2_MK2_20151115010629.csv,0.833
GameConsole_SegaMegaDrive_r2_MK2_20151115010734.csv,0.831
GameConsole_SegaMegaDrive_r2_MK2_20151115010810.csv,0.833
GameConsole_SegaMegaDrive_r2_MK2_20151115010833.csv,0.837
GameConsole_SegaMegaDrive_r2_MK2_20151115010908.csv,0.836
GameConsole_SegaMegaDrive_r2_MK2_20151115010946.csv,0.836
GameConsole_SegaMegaDrive_r2_MK2_20151115011008.csv,0.837
GameConsole_SegaMegaDrive_r2_MK2_20151115011028.csv,0.836
GameConsole_SegaMegaDrive_r2_MK2_20151115011056.csv,0.837
TV_Fujitsu_r2_MK2_20151115123924.csv,0.57
TV_Fujitsu_r2_MK2_20151115123943.csv,0.556
TV_Fujitsu_r2_MK2_20151115124003.csv,0.558
TV_Fujitsu_r2_MK2_20151115124024.csv,0.557
TV_Fujitsu_r2_MK2_20151115124043.csv,0.569
TV_Fujitsu_r2_MK2_20151115124110.csv,0.571
TV_Fujitsu_r2_MK2_20151115124132.csv,0.567
TV_Fujitsu_r2_MK2_20151115124159.csv,0.574
TV_Fujitsu_r2_MK2_20151115124227.csv,0.582
TV_Fujitsu_r2_MK2_20151115124255.csv,0.57
WashingMachine_Privileg_r2_MK2_20151115132244.csv,0.482
WashingMachine_Privileg_r2_MK2_20151115132324.csv,0.576
WashingMachine_Privileg_r2_MK2_20151115132341.csv,0.798
WashingMachine_Privileg_r2_MK2_20151115132402.csv,0.865
WashingMachine_Privileg_r2_MK2_20151115132423.csv,0.866
WashingMachine_Privileg_r2_MK2_20151115132448.csv,0.756
WashingMachine_Privileg_r2_MK2_20151115132508.csv,0.867
WashingMachine_Privileg_r2_MK2_20151115132526.csv,0.97
WashingMachine_Privileg_r2_MK2_20151115132539.csv,1.514
WashingMachine_Privileg_r2_MK2_20151115132554.csv,1.409
GuitarAmp_Marshall8240_r2_MK2_20151115133402.csv,1.335
GuitarAmp_Marshall8240_r2_MK2_20151115133529.csv,1.422
GuitarAmp_Marshall8240_r2_MK2_20151115133553.csv,1.174
GuitarAmp_Marshall8240_r2_MK2_20151115133650.csv,1.593
GuitarAmp_Marshall8240_r2_MK2_20151115133713.csv,1.513
GuitarAmp_Marshall8240_r2_MK2_20151115133742.csv,1.207
GuitarAmp_Marshall8240_r2_MK2_20151115134807.csv,1.161
GuitarAmp_Marshall8240_r2_MK2_20151115134820.csv,1.238
GuitarAmp_Marshall8240_r2_MK2_20151115134835.csv,1.144
GuitarAmp_Marshall8240_r2_MK2_20151115134900.csv,1.203
ShoeWarmer_Enka_r3_MK2_20151121185158.csv,0.163
ShoeWarmer_Enka_r3_MK2_20151121185211.csv,0.198
ShoeWarmer_Enka_r3_MK2_20151121185221.csv,0.215
ShoeWarmer_Enka_r3_MK2_20151121185231.csv,0.194
ShoeWarmer_Enka_r3_MK2_20151121185240.csv,0.202
ShoeWarmer_Enka_r3_MK2_20151121185306.csv,0.17
ShoeWarmer_Enka_r3_MK2_20151121185319.csv,0.181
ShoeWarmer_Enka_r3_MK2_20151121185333.csv,0.181
ShoeWarmer_Enka_r3_MK2_20151121185346.csv,0.202
ShoeWarmer_Enka_r3_MK2_20151121185356.csv,0.198
SewingMachine_Veritas_r3_MK2_20151121190301.csv,0.465
SewingMachine_Veritas_r3_MK2_20151121190321.csv,0.469
SewingMachine_Veritas_r3_MK2_20151121190344.csv,0.468
SewingMachine_Veritas_r3_MK2_20151121190412.csv,0.466
SewingMachine_Veritas_r3_MK2_20151121190429.csv,0.46
SewingMachine_Veritas_r3_MK2_20151121190506.csv,0.449
SewingMachine_Veritas_r3_MK2_20151121190536.csv,0.446
SewingMachine_Veritas_r3_MK2_20151121190552.csv,0.436
SewingMachine_Veritas_r3_MK2_20151121190609.csv,0.432
SewingMachine_Veritas_r3_MK2_20151121190647.csv,0.43
Kettle_AlaskaWK2209N_r3_MK2_20151122120437.csv,0.102
Kettle_AlaskaWK2209N_r3_MK2_20151122120449.csv,0.093
Kettle_AlaskaWK2209N_r3_MK2_20151122120457.csv,0.101
Kettle_AlaskaWK2209N_r3_MK2_20151122120505.csv,0.091
Kettle_AlaskaWK2209N_r3_MK2_20151122120513.csv,0.088
Kettle_AlaskaWK2209N_r3_MK2_20151122120522.csv,0.093
Kettle_AlaskaWK2209N_r3_MK2_20151122120532.csv,0.091
Kettle_AlaskaWK2209N_r3_MK2_20151122120541.csv,0.094
Kettle_AlaskaWK2209N_r3_MK2_20151122120549.csv,0.098
Kettle_AlaskaWK2209N_r3_MK2_20151122120558.csv,0.098
Toaster_TeamKalorik_r3_MK2_20151122121129.csv,0.105
Toaster_TeamKalorik_r3_MK2_20151122121138.csv,0.104
Toaster_TeamKalorik_r3_MK2_20151122121147.csv,0.111
Toaster_TeamKalorik_r3_MK2_20151122121155.csv,0.103
Toaster_TeamKalorik_r3_MK2_20151122121203.csv,0.101
Toaster_TeamKalorik_r3_MK2_20151122121210.csv,0.102
Toaster_TeamKalorik_r3_MK2_20151122121217.csv,0.107
Toaster_TeamKalorik_r3_MK2_20151122121225.csv,0.109
Toaster_TeamKalorik_r3_MK2_20151122121233.csv,0.109
Toaster_TeamKalorik_r3_MK2_20151122121243.csv,0.112
CoffeeMachine_AlaskaCM2209m_r3_MK2_20151122122034.csv,0.111
CoffeeMachine_AlaskaCM2209m_r3_MK2_20151122122042.csv,0.105
CoffeeMachine_AlaskaCM2209m_r3_MK2_20151122122050.csv,0.104
CoffeeMachine_AlaskaCM2209m_r3_MK2_20151122122104.csv,0.101
CoffeeMachine_AlaskaCM2209m_r3_MK2_20151122122111.csv,0.097
CoffeeMachine_AlaskaCM2209m_r3_MK2_20151122122122.csv,0.1
CoffeeMachine_AlaskaCM2209m_r3_MK2_20151122122135.csv,0.101
CoffeeMachine_AlaskaCM2209m_r3_MK2_20151122122147.csv,0.102
CoffeeMachine_AlaskaCM2209m_r3_MK2_20151122122157.csv,0.105
CoffeeMachine_AlaskaCM2209m_r3_MK2_20151122122228.csv,0.102
HairDryer_Tedi_r3_MK2_20151122122943.csv,0.098
HairDryer_Tedi_r3_MK2_20151122122957.csv,0.095
HairDryer_Tedi_r3_MK2_20151122123009.csv,0.097
HairDryer_Tedi_r3_MK2_20151122123021.csv,0.096
HairDryer_Tedi_r3_MK2_20151122123031.csv,0.101
HairDryer_Tedi_r3_MK2_20151122123040.csv,0.091
HairDryer_Tedi_r3_MK2_20151122123048.csv,0.09
HairDryer_Tedi_r3_MK2_20151122123056.csv,0.095
HairDryer_Tedi_r3_MK2_20151122123105.csv,0.1
HairDryer_Tedi_r3_MK2_20151122123116.csv,0.096
Charger_SamsungTravelAdapter2A_r3_MK2_20151122124858.csv,1.669
Charger_SamsungTravelAdapter2A_r3_MK2_20151122125113.csv,1.508
Charger_SamsungTravelAdapter2A_r3_MK2_20151122125120.csv,1.515
Charger_SamsungTravelAdapter2A_r3_MK2_20151122125129.csv,2.269
Charger_SamsungTravelAdapter2A_r3_MK2_20151122125137.csv,2.312
Charger_SamsungTravelAdapter2A_r3_MK2_20151122125145.csv,2.358
Charger_SamsungTravelAdapter2A_r3_MK2_20151122125154.csv,1.559
Charger_SamsungTravelAdapter2A_r3_MK2_20151122125202.csv,2.32
Charger_SamsungTravelAdapter2A_r3_MK2_20151122125213.csv,1.686
Charger_SamsungTravelAdapter2A_r3_MK2_20151122125222.csv,1.593
Charger_Hahnel_r3_MK2_20151122125920.csv,1.832
Charger_Hahnel_r3_MK2_20151122125934.csv,1.863
Charger_Hahnel_r3_MK2_20151122125945.csv,1.771
Charger_Hahnel_r3_MK2_20151122125957.csv,2.734
Charger_Hahnel_r3_MK2_20151122130007.csv,2.841
Charger_Hahnel_r3_MK2_20151122130014.csv,2.146
Charger_Hahnel_r3_MK2_20151122130024.csv,2.572
Charger_Hahnel_r3_MK2_20151122130035.csv,1.823
Charger_Hahnel_r3_MK2_20151122130043.csv,2.704
Charger_Hahnel_r3_MK2_20151122130054.csv,2.847
Microwave_Privileg8020_r3_MK2_20151122130435.csv,0.645
Microwave_Privileg8020_r3_MK2_20151122130443.csv,0.484
Microwave_Privileg8020_r3_MK2_20151122130451.csv,0.481
Microwave_Privileg8020_r3_MK2_20151122130501.csv,0.476
Microwave_Privileg8020_r3_MK2_20151122130510.csv,0.477
Microwave_Privileg8020_r3_MK2_20151122130519.csv,0.481
Microwave_Privileg8020_r3_MK2_20151122130529.csv,0.489
Microwave_Privileg8020_r3_MK2_20151122130538.csv,0.475
Microwave_Privileg8020_r3_MK2_20151122130547.csv,0.499
Microwave_Privileg8020_r3_MK2_20151122130558.csv,0.492
LightBulb_Osram25W_r1_MK2_20151123175212.csv,0.165
LightBulb_Osram25W_r1_MK2_20151123175220.csv,0.161
LightBulb_Osram25W_r1_MK2_20151123175227.csv,0.161
LightBulb_Osram25W_r1_MK2_20151123175235.csv,0.146
LightBulb_Osram25W_r1_MK2_20151123175242.csv,0.153
LightBulb_Osram25W_r1_MK2_20151123175248.csv,0.165
LightBulb_Osram25W_r1_MK2_20151123175255.csv,0.153
LightBulb_Osram25W_r1_MK2_20151123175302.csv,0.152
LightBulb_Osram25W_r1_MK2_20151123175309.csv,0.166
LightBulb_Osram25W_r1_MK2_20151123175316.csv,0.16
Heater_Heller_r1_MK1_20151202124754.csv,0.07
Heater_Heller_r1_MK1_20151202124803.csv,0.067
Heater_Heller_r1_MK1_20151202124813.csv,0.073
Heater_Heller_r1_MK1_20151202124821.csv,0.077
Heater_Heller_r1_MK1_20151202124829.csv,0.08
Heater_Heller_r1_MK1_20151202124837.csv,0.081
Heater_Heller_r1_MK1_20151202124846.csv,0.077
Heater_Heller_r1_MK1_20151202124857.csv,0.083
Heater_Heller_r1_MK1_20151202124907.csv,0.078
Heater_Heller_r1_MK1_20151202124917.csv,0.082
VacuumCleaner_Vento_r1_MK1_20151203134057.csv,0.314
VacuumCleaner_Vento_r1_MK1_20151203134115.csv,0.307
VacuumCleaner_Vento_r1_MK1_20151203134128.csv,0.303
VacuumCleaner_Vento_r1_MK1_20151203134145.csv,0.303
VacuumCleaner_Vento_r1_MK1_20151203134201.csv,0.262
VacuumCleaner_Vento_r1_MK1_20151203134217.csv,0.289
VacuumCleaner_Vento_r1_MK1_20151203134237.csv,0.298
VacuumCleaner_Vento_r1_MK1_20151203134257.csv,0.314
VacuumCleaner_Vento_r1_MK1_20151203134316.csv,0.318
VacuumCleaner_Vento_r1_MK1_20151203134336.csv,0.31
VacuumCleaner_Nilfisk_r1_MK1_20151203140259.csv,1.336
VacuumCleaner_Nilfisk_r1_MK1_20151203140323.csv,1.319
VacuumCleaner_Nilfisk_r1_MK1_20151203140337.csv,1.325
VacuumCleaner_Nilfisk_r1_MK1_20151203140353.csv,1.334
VacuumCleaner_Nilfisk_r1_MK1_20151203140413.csv,1.305
VacuumCleaner_Nilfisk_r1_MK1_20151203140441.csv,1.342
VacuumCleaner_Nilfisk_r1_MK1_20151203140506.csv,1.339
VacuumCleaner_Nilfisk_r1_MK1_20151203140602.csv,1.345
VacuumCleaner_Nilfisk_r1_MK1_20151203140627.csv,1.34
VacuumCleaner_Nilfisk_r1_MK1_20151203140659.csv,1.324
Projector_Epson_r1_MK1_20151203142158.csv,2.833
Projector_Epson_r1_MK1_20151203142247.csv,2.333
Projector_Epson_r1_MK1_20151203142316.csv,2.435
Projector_Epson_r1_MK1_20151203142347.csv,2.476
Projector_Epson_r1_MK1_20151203142448.csv,2.139
Projector_Epson_r1_MK1_20151203142554.csv,2.145
Projector_Epson_r1_MK1_20151203142919.csv,2.252
Projector_Epson_r1_MK1_20151203142949.csv,2.489
Projector_Epson_r1_MK1_20151203143032.csv,2.249
Projector_Epson_r1_MK1_20151203143103.csv,2.397
Kettle_IdeenWelt_r1_MK2_20151214125743.csv,0.107
Kettle_IdeenWelt_r1_MK2_20151214125751.csv,0.102
Kettle_IdeenWelt_r1_MK2_20151214125800.csv,0.102
Kettle_IdeenWelt_r1_MK2_20151214125808.csv,0.107
Kettle_IdeenWelt_r1_MK2_20151214125816.csv,0.106
Kettle_IdeenWelt_r1_MK2_20151214125826.csv,0.099
Kettle_IdeenWelt_r1_MK2_20151214125836.csv,0.107
Kettle_IdeenWelt_r1_MK2_20151214125845.csv,0.108
Kettle_IdeenWelt_r1_MK2_20151214125854.csv,0.103
Kettle_IdeenWelt_r1_MK2_20151214125903.csv,0.104
ShoeWarmer_ThermIc_r2_MK2_20151214130053.csv,0.231
ShoeWarmer_ThermIc_r2_MK2_20151214130101.csv,0.141
ShoeWarmer_ThermIc_r2_MK2_20151214130110.csv,0.133
ShoeWarmer_ThermIc_r2_MK2_20151214130118.csv,0.138
ShoeWarmer_ThermIc_r2_MK2_20151214130126.csv,0.163
ShoeWarmer_ThermIc_r2_MK2_20151214130135.csv,0.131
ShoeWarmer_ThermIc_r2_MK2_20151214130143.csv,0.131
ShoeWarmer_ThermIc_r2_MK2_20151214130152.csv,0.195
ShoeWarmer_ThermIc_r2_MK2_20151214130202.csv,0.142
ShoeWarmer_ThermIc_r2_MK2_20151214130212.csv,0.167
HairDryer_BraunSatinHair_r3_MK1_20151220010253.csv,0.084
HairDryer_BraunSatinHair_r3_MK1_20151220010305.csv,0.078
HairDryer_BraunSatinHair_r3_MK1_20151220010315.csv,0.083
HairDryer_BraunSatinHair_r3_MK1_20151220010324.csv,0.083
HairDryer_BraunSatinHair_r3_MK1_20151220010333.csv,0.076
HairDryer_BraunSatinHair_r3_MK1_20151220010345.csv,0.072
HairDryer_BraunSatinHair_r3_MK1_20151220010355.csv,0.065
HairDryer_BraunSatinHair_r3_MK1_20151220010406.csv,0.064
HairDryer_BraunSatinHair_r3_MK1_20151220010423.csv,0.067
HairDryer_BraunSatinHair_r3_MK1_20151220010445.csv,0.082
CFL_PhilipsGenie8W_r6_MK1_20151229102715.csv,1.298
CFL_PhilipsGenie8W_r6_MK1_20151229102659.csv,1.421
CFL_PhilipsGenie8W_r6_MK1_20151229102724.csv,1.397
CFL_PhilipsGenie8W_r6_MK1_20151229102756.csv,1.286
CFL_PhilipsGenie8W_r6_MK1_20151229102743.csv,1.347
CFL_PhilipsGenie8W_r6_MK1_20151229102734.csv,1.34
CFL_PhilipsGenie8W_r6_MK1_20151229102825.csv,1.269
CFL_PhilipsGenie8W_r6_MK1_20151229102805.csv,1.395
CFL_PhilipsGenie8W_r6_MK1_20151229102816.csv,1.347
CFL_PhilipsGenie8W_r6_MK1_20151229102835.csv,1.309
Fan_ChingHai35W_r6_MK1_20151229103757.csv,1.654
Fan_ChingHai35W_r6_MK1_20151229103625.csv,1.662
Fan_ChingHai35W_r6_MK1_20151229103815.csv,1.645
Fan_ChingHai35W_r6_MK1_20151229103736.csv,1.668
Fan_ChingHai35W_r6_MK1_20151229103713.csv,1.661
Fan_ChingHai35W_r6_MK1_20151229103607.csv,1.671
Fan_ChingHai35W_r6_MK1_20151229103652.csv,1.656
Fan_ChingHai35W_r6_MK1_20151229103850.csv,1.657
Fan_ChingHai35W_r6_MK1_20151229103832.csv,1.653
Fan_ChingHai35W_r6_MK1_20151229103908.csv,1.658
HairDryer_BaBylissPro_r6_MK1_20151229103034.csv,0.396
HairDryer_BaBylissPro_r6_MK1_20151229103100.csv,0.902
HairDryer_BaBylissPro_r6_MK1_20151229103133.csv,0.77
HairDryer_BaBylissPro_r6_MK1_20151229103231.csv,0.853
HairDryer_BaBylissPro_r6_MK1_20151229103118.csv,0.774
HairDryer_BaBylissPro_r6_MK1_20151229103045.csv,0.778
HairDryer_BaBylissPro_r6_MK1_20151229103144.csv,0.811
HairDryer_BaBylissPro_r6_MK1_20151229103154.csv,0.814
HairDryer_BaBylissPro_r6_MK1_20151229103222.csv,0.831
Kettle_TCM_r6_MK1_20151229104155.csv,0.076
HairDryer_BaBylissPro_r6_MK1_20151229103209.csv,0.797
Kettle_TCM_r6_MK1_20151229104215.csv,0.069
Kettle_TCM_r6_MK1_20151229104303.csv,0.072
Kettle_TCM_r6_MK1_20151229104245.csv,0.07
Kettle_TCM_r6_MK1_20151229104205.csv,0.074
Kettle_TCM_r6_MK1_20151229104225.csv,0.07
Kettle_TCM_r6_MK1_20151229104310.csv,0.076
Kettle_TCM_r6_MK1_20151229104234.csv,0.082
WaterHeater_AustriaEmailKRU052-A_r6_MK1_20151226153704.csv,0.066
Kettle_TCM_r6_MK1_20151229104254.csv,0.068
Kettle_TCM_r6_MK1_20151229104317.csv,0.065
WaterHeater_AustriaEmailKRU052-A_r6_MK1_20151226153837.csv,0.071
WaterHeater_AustriaEmailKRU052-A_r6_MK1_20151226153735.csv,0.065
WaterHeater_AustriaEmailKRU052-A_r6_MK1_20151226153814.csv,0.066
WaterHeater_AustriaEmailKRU052-A_r6_MK1_20151226153829.csv,0.069
WaterHeater_AustriaEmailKRU052-A_r6_MK1_20151226153805.csv,0.077
WaterHeater_AustriaEmailKRU052-A_r6_MK1_20151226153751.csv,0.079
WaterHeater_AustriaEmailKRU052-A_r6_MK1_20151226153847.csv,0.078
WaterHeater_AustriaEmailKRU052-A_r6_MK1_20151226153719.csv,0.069
WaterHeater_AustriaEmailKRU052-A_r6_MK1_20151226153856.csv,0.082
WaterHeater_StiebelEltronSNU5S_r1_MK1_20160126152735.csv,0.069
WaterHeater_StiebelEltronSNU5S_r1_MK1_20160126152745.csv,0.074
WaterHeater_StiebelEltronSNU5S_r1_MK1_20160126152808.csv,0.076
WaterHeater_StiebelEltronSNU5S_r1_MK1_20160126152826.csv,0.074
WaterHeater_StiebelEltronSNU5S_r1_MK1_20160126152834.csv,0.073
WaterHeater_StiebelEltronSNU5S_r1_MK1_20160126152842.csv,0.067
WaterHeater_StiebelEltronSNU5S_r1_MK1_20160126152850.csv,0.069
WaterHeater_StiebelEltronSNU5S_r1_MK1_20160126152857.csv,0.075
WaterHeater_StiebelEltronSNU5S_r1_MK1_20160126152905.csv,0.074
WaterHeater_StiebelEltronSNU5S_r1_MK1_20160126152913.csv,0.064
WaterHeater_StiebelEltronSN10S_r1_MK1_20160126153533.csv,0.078
WaterHeater_StiebelEltronSN10S_r1_MK1_20160126153541.csv,0.065
WaterHeater_StiebelEltronSN10S_r1_MK1_20160126153548.csv,0.079
WaterHeater_StiebelEltronSN10S_r1_MK1_20160126153556.csv,0.084
WaterHeater_StiebelEltronSN10S_r1_MK1_20160126153604.csv,0.072
WaterHeater_StiebelEltronSN10S_r1_MK1_20160126153612.csv,0.072
WaterHeater_StiebelEltronSN10S_r1_MK1_20160126153620.csv,0.071
WaterHeater_StiebelEltronSN10S_r1_MK1_20160126153630.csv,0.083
WaterHeater_StiebelEltronSN10S_r1_MK1_20160126153638.csv,0.08
